ID,isChild,Integer_encoding,Genotype,Mutation type,Crossover type,Search strategy,Type,Epochs,Accuracy,Loss,FLOPs,CPU Sec,Number of Parameters,Parent1,Parent2,Before Mutation,HD_P1,HD_P2,HD_BM
LC,FALSE,"[1, 0, 0, 1, 1, 1, 1, 0, 2, 2, -1, 1, 5, 3, 0, 5, 0, 3]","[{'INP': 32}, {'CONV': [32, 3]}, {'CONV': [64, 5]}, {'CONV': [32, 7]}, {'POOLMAX': [-1, 3]}, {'FLATTEN': None}, {'DENSE': [64, 'relu']}, {'DENSE': [10, 'softmax']}]",L_MODIFY_PARAMS,SPC,GA,S,8,0.715600014,0.957665443,156359422,42.85674262,358058,[],[],[],-1,-1,-1
MO,FALSE,"[1, 0, 0, 1, 0, 1, 2, -1, 1, 1, 1, 1, 5, 4, 0, 5, 0, 3]","[{'INP': 32}, {'CONV': [32, 3]}, {'CONV': [32, 5]}, {'POOLMAX': [-1, 3]}, {'CONV': [64, 5]}, {'FLATTEN': None}, {'DENSE': [128, 'relu']}, {'DENSE': [10, 'softmax']}]",L_MODIFY_PARAMS,SPC,GA,S,8,0.719500005,1.228819966,33090078,41.3660841,898410,[],[],[],-1,-1,-1
LC-MO(1),TRUE,"[1, 0, 0, 1, 1, 1, 1, 0, 2, 1, 1, 1, 5, 4, 0, 5, 0, 3]","[{'INP': 32}, {'CONV': [32, 3]}, {'CONV': [64, 5]}, {'CONV': [32, 7]}, {'CONV': [64, 5]}, {'FLATTEN': None}, {'DENSE': [128, 'relu']}, {'DENSE': [10, 'softmax']}]",L_MODIFY_PARAMS,SPC,GA,S,8,0.625899971,2.328223944,216991070,48.35398626,8593834,"[1, 0, 0, 1, 1, 1, 1, 0, 2, 2, -1, 1, 5, 3, 0, 5, 0, 3]","[1, 0, 0, 1, 0, 1, 2, -1, 1, 1, 1, 1, 5, 4, 0, 5, 0, 3]",[],-1,-1,-1
LC-MO(2),TRUE,"[1, 0, 0, 1, 0, 1, 2, -1, 1, 2, -1, 1, 5, 3, 0, 5, 0, 3]","[{'INP': 32}, {'CONV': [32, 3]}, {'CONV': [32, 5]}, {'CONV': [256, 7]}, {'POOLMAX': [-1, 3]}, {'FLATTEN': None}, {'DENSE': [64, 'relu']}, {'DENSE': [10, 'softmax']}]",L_MODIFY_PARAMS,SPC,GA,S,8,0.709200025,1.482591152,440059070,50.15747976,2067306,"[1, 0, 0, 1, 1, 1, 1, 0, 2, 2, -1, 1, 5, 3, 0, 5, 0, 3]","[1, 0, 0, 1, 0, 1, 2, -1, 1, 1, 1, 1, 5, 4, 0, 5, 0, 3]",[],-1,-1,-1
MO,FALSE,"[1, 0, 0, 1, 0, 1, 2, -1, 1, 1, 1, 1, 5, 4, 0, 5, 0, 3]","[{'INP': 32}, {'CONV': [32, 3]}, {'CONV': [32, 5]}, {'POOLMAX': [-1, 3]}, {'CONV': [64, 5]}, {'FLATTEN': None}, {'DENSE': [128, 'relu']}, {'DENSE': [10, 'softmax']}]",L_MODIFY_PARAMS,SPC,GA,S,8,0.727699995,1.136175632,33090078,41.31634188,898410,[],[],[],-1,-1,-1
LC,FALSE,"[1, 0, 0, 1, 1, 1, 1, 0, 2, 2, -1, 1, 5, 3, 0, 5, 0, 3]","[{'INP': 32}, {'CONV': [32, 3]}, {'CONV': [64, 5]}, {'CONV': [32, 7]}, {'POOLMAX': [-1, 3]}, {'FLATTEN': None}, {'DENSE': [64, 'relu']}, {'DENSE': [10, 'softmax']}]",L_MODIFY_PARAMS,SPC,GA,S,8,0.700699985,0.90629065,156359422,42.30486107,358058,[],[],[],-1,-1,-1
MO-LC(1),TRUE,"[1, 0, 0, 1, 0, 1, 2, -1, 1, 1, 1, 1, 5, 3, 0, 5, 0, 3]","[{'INP': 32}, {'CONV': [32, 3]}, {'CONV': [32, 5]}, {'POOLMAX': [-1, 3]}, {'CONV': [64, 5]}, {'FLATTEN': None}, {'DENSE': [64, 'relu']}, {'DENSE': [10, 'softmax']}]",L_MODIFY_PARAMS,SPC,GA,S,8,0.715399981,1.020729661,32679806,40.97378778,488106,"[1, 0, 0, 1, 0, 1, 2, -1, 1, 1, 1, 1, 5, 4, 0, 5, 0, 3]","[1, 0, 0, 1, 1, 1, 1, 0, 2, 2, -1, 1, 5, 3, 0, 5, 0, 3]",[],-1,-1,-1
MO-LC(2),TRUE,"[1, 0, 0, 1, 1, 1, 1, 0, 2, 2, -1, 1, 5, 4, 0, 5, 0, 3]","[{'INP': 32}, {'CONV': [32, 3]}, {'CONV': [64, 5]}, {'CONV': [32, 7]}, {'POOLMAX': [-1, 3]}, {'FLATTEN': None}, {'DENSE': [128, 'relu']}, {'DENSE': [10, 'softmax']}]",L_MODIFY_PARAMS,SPC,GA,S,8,0.690599978,1.087634325,156564894,42.45628428,563562,"[1, 0, 0, 1, 0, 1, 2, -1, 1, 1, 1, 1, 5, 4, 0, 5, 0, 3]","[1, 0, 0, 1, 1, 1, 1, 0, 2, 2, -1, 1, 5, 3, 0, 5, 0, 3]",[],-1,-1,-1
MO,FALSE,"[1, 0, 0, 1, 0, 1, 2, -1, 1, 1, 1, 1, 5, 4, 0, 5, 0, 3]","[{'INP': 32}, {'CONV': [32, 3]}, {'CONV': [32, 5]}, {'POOLMAX': [-1, 3]}, {'CONV': [64, 5]}, {'FLATTEN': None}, {'DENSE': [128, 'relu']}, {'DENSE': [10, 'softmax']}]",L_MODIFY_PARAMS,SPC,GA,S,8,0.726499975,1.06415987,33090078,41.67163682,898410,[],[],[],-1,-1,-1
OP,FALSE,"[1, 1, 2, 2, -1, 1, 1, 1, 2, 3, -1, 1, 5, 4, 0, 5, 0, 3]","[{'INP': 32}, {'CONV': [64, 7]}, {'POOLMAX': [-1, 3]}, {'CONV': [64, 7]}, {'POOLAVG': [-1, 3]}, {'FLATTEN': None}, {'DENSE': [128, 'relu']}, {'DENSE': [10, 'softmax']}]",L_MODIFY_PARAMS,SPC,GA,S,8,0.700800002,0.877429962,29846654,38.8597157,285386,[],[],[],-1,-1,-1
MO-OP(1),TRUE,"[1, 0, 0, 2, -1, 1, 1, 1, 2, 3, -1, 1, 5, 4, 0, 5, 0, 3]","[{'INP': 32}, {'CONV': [32, 3]}, {'POOLMAX': [-1, 3]}, {'CONV': [64, 7]}, {'POOLAVG': [-1, 3]}, {'FLATTEN': None}, {'DENSE': [128, 'relu']}, {'DENSE': [10, 'softmax']}]",L_MODIFY_PARAMS,SPC,GA,S,8,0.716700017,0.819231927,11031614,37.85159326,176458,"[1, 0, 0, 1, 0, 1, 2, -1, 1, 1, 1, 1, 5, 4, 0, 5, 0, 3]","[1, 1, 2, 2, -1, 1, 1, 1, 2, 3, -1, 1, 5, 4, 0, 5, 0, 3]",[],-1,-1,-1
MO-OP(2),TRUE,"[1, 1, 2, 1, 0, 1, 2, -1, 1, 1, 1, 1, 5, 4, 0, 5, 0, 3]","[{'INP': 32}, {'CONV': [64, 7]}, {'CONV': [32, 5]}, {'POOLMAX': [-1, 3]}, {'CONV': [64, 5]}, {'FLATTEN': None}, {'DENSE': [128, 'relu']}, {'DENSE': [10, 'softmax']}]",L_MODIFY_PARAMS,SPC,GA,S,8,0.662699997,1.36850667,68069918,42.85615492,932586,"[1, 0, 0, 1, 0, 1, 2, -1, 1, 1, 1, 1, 5, 4, 0, 5, 0, 3]","[1, 1, 2, 2, -1, 1, 1, 1, 2, 3, -1, 1, 5, 4, 0, 5, 0, 3]",[],-1,-1,-1
LC-MO(1)[M],TRUE,"[1, 0, 0, 1, 1, 1, 1, 1, 2, 1, 1, 2, 5, 5, 0, 5, 0, 3]","[{'INP': 32}, {'CONV': [32, 3]}, {'CONV': [64, 5]}, {'CONV': [64, 7]}, {'CONV': [64, 7]}, {'FLATTEN': None}, {'DENSE': [256, 'relu']}, {'DENSE': [10, 'softmax']}]",L_MODIFY_PARAMS,SPC,GA,S,8,0.612399995,2.407497644,481249950,59.52347064,17233738,"[1, 0, 0, 1, 1, 1, 1, 0, 2, 2, -1, 1, 5, 3, 0, 5, 0, 3]","[1, 0, 0, 1, 0, 1, 2, -1, 1, 1, 1, 1, 5, 4, 0, 5, 0, 3]","[1, 0, 0, 1, 1, 1, 1, 0, 2, 1, 1, 1, 5, 4, 0, 5, 0, 3]",5,6,3
LC-MO(2)[M],TRUE,"[1, 0, 0, 1, 0, 1, 1, 3, 2, 2, -1, 1, 5, 3, 0, 5, 0, 3]","[{'INP': 32}, {'CONV': [32, 3]}, {'CONV': [32, 5]}, {'CONV': [256, 7]}, {'POOLMAX': [-1, 3]}, {'FLATTEN': None}, {'DENSE': [64, 'relu']}, {'DENSE': [10, 'softmax']}]",L_MODIFY_PARAMS,SPC,GA,S,8,0.681500018,1.396838427,440059070,50.40720201,2067306,"[1, 0, 0, 1, 1, 1, 1, 0, 2, 2, -1, 1, 5, 3, 0, 5, 0, 3]","[1, 0, 0, 1, 0, 1, 2, -1, 1, 1, 1, 1, 5, 4, 0, 5, 0, 3]","[1, 0, 0, 1, 0, 1, 2, -1, 1, 2, -1, 1, 5, 3, 0, 5, 0, 3]",2,6,3
MO-LC(1)[M],TRUE,"[1, 0, 0, 1, 1, 1, 2, -1, 1, 1, 1, 1, 5, 4, 0, 5, 0, 3]","[{'INP': 32}, {'CONV': [32, 3]}, {'CONV': [64, 5]}, {'POOLMAX': [-1, 3]}, {'CONV': [64, 5]}, {'FLATTEN': None}, {'DENSE': [128, 'relu']}, {'DENSE': [10, 'softmax']}]",L_MODIFY_PARAMS,SPC,GA,S,8,0.720700026,1.133593559,64455262,42.07446051,975242,"[1, 0, 0, 1, 0, 1, 2, -1, 1, 1, 1, 1, 5, 4, 0, 5, 0, 3]","[1, 0, 0, 1, 1, 1, 1, 0, 2, 2, -1, 1, 5, 3, 0, 5, 0, 3]","[1, 0, 0, 1, 0, 1, 2, -1, 1, 1, 1, 1, 5, 3, 0, 5, 0, 3]",1,6,2
MO-LC(2)[M],TRUE,"[1, 0, 0, 1, 1, 2, 1, 0, 2, 2, -1, 1, 5, 4, 0, 5, 0, 3]","[{'INP': 32}, {'CONV': [32, 3]}, {'CONV': [64, 7]}, {'CONV': [32, 7]}, {'POOLMAX': [-1, 3]}, {'FLATTEN': None}, {'DENSE': [128, 'relu']}, {'DENSE': [10, 'softmax']}]",L_MODIFY_PARAMS,SPC,GA,S,8,0.689800024,1.024716854,206896542,43.94437599,612714,"[1, 0, 0, 1, 0, 1, 2, -1, 1, 1, 1, 1, 5, 4, 0, 5, 0, 3]","[1, 0, 0, 1, 1, 1, 1, 0, 2, 2, -1, 1, 5, 3, 0, 5, 0, 3]","[1, 0, 0, 1, 1, 1, 1, 0, 2, 2, -1, 1, 5, 4, 0, 5, 0, 3]",7,2,1
MO-OP(1)[M],TRUE,"[1, 0, 0, 2, -1, 0, 1, 1, 0, 3, -1, 1, 5, 4, 0, 5, 0, 3]","[{'INP': 32}, {'CONV': [32, 3]}, {'POOLMAX': [-1, 2]}, {'CONV': [64, 3]}, {'POOLAVG': [-1, 3]}, {'FLATTEN': None}, {'DENSE': [128, 'relu']}, {'DENSE': [10, 'softmax']}]",L_MODIFY_PARAMS,SPC,GA,S,8,0.72390002,0.806823313,5857662,37.37647605,225610,"[1, 0, 0, 1, 0, 1, 2, -1, 1, 1, 1, 1, 5, 4, 0, 5, 0, 3]","[1, 1, 2, 2, -1, 1, 1, 1, 2, 3, -1, 1, 5, 4, 0, 5, 0, 3]","[1, 0, 0, 2, -1, 1, 1, 1, 2, 3, -1, 1, 5, 4, 0, 5, 0, 3]",8,4,2
MO-OP(2)[M],TRUE,"[1, 1, 2, 1, 0, 1, 2, -1, 1, 1, 1, 1, 5, 5, 0, 5, 0, 3]","[{'INP': 32}, {'CONV': [64, 7]}, {'CONV': [32, 5]}, {'POOLMAX': [-1, 3]}, {'CONV': [64, 5]}, {'FLATTEN': None}, {'DENSE': [256, 'relu']}, {'DENSE': [10, 'softmax']}]",L_MODIFY_PARAMS,SPC,GA,S,8,0.640500009,1.81797421,68890462,42.44908905,1753194,"[1, 0, 0, 1, 0, 1, 2, -1, 1, 1, 1, 1, 5, 4, 0, 5, 0, 3]","[1, 1, 2, 2, -1, 1, 1, 1, 2, 3, -1, 1, 5, 4, 0, 5, 0, 3]","[1, 1, 2, 1, 0, 1, 2, -1, 1, 1, 1, 1, 5, 4, 0, 5, 0, 3]",3,8,1
LC-MO(1)[M],FALSE,"[1, 0, 0, 1, 1, 1, 1, 1, 2, 1, 1, 2, 5, 5, 0, 5, 0, 3]","[{'INP': 32}, {'CONV': [32, 3]}, {'CONV': [64, 5]}, {'CONV': [64, 7]}, {'CONV': [64, 7]}, {'FLATTEN': None}, {'DENSE': [256, 'relu']}, {'DENSE': [10, 'softmax']}]",L_MODIFY_PARAMS,SPC,GA,S,8,0.621599972,2.353232384,481249950,58.90652609,17233738,[],[],[],5,6,3
MO-LC(1)[M],FALSE,"[1, 0, 0, 1, 1, 1, 2, -1, 1, 1, 1, 1, 5, 4, 0, 5, 0, 3]","[{'INP': 32}, {'CONV': [32, 3]}, {'CONV': [64, 5]}, {'POOLMAX': [-1, 3]}, {'CONV': [64, 5]}, {'FLATTEN': None}, {'DENSE': [128, 'relu']}, {'DENSE': [10, 'softmax']}]",L_MODIFY_PARAMS,SPC,GA,S,8,0.725000024,1.125245094,64455262,41.91655135,975242,[],[],[],1,6,2
LC-MO(1)[M]-MO-LC(1)[M](1),TRUE,"[1, 0, 0, 1, 1, 1, 1, 1, 2, 1, 1, 2, 5, 4, 0, 5, 0, 3]","[{'INP': 32}, {'CONV': [32, 3]}, {'CONV': [64, 5]}, {'CONV': [64, 7]}, {'CONV': [64, 7]}, {'FLATTEN': None}, {'DENSE': [128, 'relu']}, {'DENSE': [10, 'softmax']}]",L_MODIFY_PARAMS,SPC,GA,S,8,0.630500019,1.925345063,472859998,55.53218031,8843722,"[1, 0, 0, 1, 1, 1, 1, 1, 2, 1, 1, 2, 5, 5, 0, 5, 0, 3]","[1, 0, 0, 1, 1, 1, 2, -1, 1, 1, 1, 1, 5, 4, 0, 5, 0, 3]",[],-1,-1,-1
LC-MO(1)[M]-MO-LC(1)[M](2),TRUE,"[1, 0, 0, 1, 1, 1, 2, -1, 1, 1, 1, 1, 5, 5, 0, 5, 0, 3]","[{'INP': 32}, {'CONV': [32, 3]}, {'CONV': [64, 5]}, {'POOLMAX': [-1, 3]}, {'CONV': [64, 5]}, {'FLATTEN': None}, {'DENSE': [256, 'relu']}, {'DENSE': [10, 'softmax']}]",L_MODIFY_PARAMS,SPC,GA,S,8,0.726199985,1.350610852,65275806,41.68810415,1795850,"[1, 0, 0, 1, 1, 1, 1, 1, 2, 1, 1, 2, 5, 5, 0, 5, 0, 3]","[1, 0, 0, 1, 1, 1, 2, -1, 1, 1, 1, 1, 5, 4, 0, 5, 0, 3]",[],-1,-1,-1
LC-MO(1)[M],FALSE,"[1, 0, 0, 1, 1, 1, 1, 1, 2, 1, 1, 2, 5, 5, 0, 5, 0, 3]","[{'INP': 32}, {'CONV': [32, 3]}, {'CONV': [64, 5]}, {'CONV': [64, 7]}, {'CONV': [64, 7]}, {'FLATTEN': None}, {'DENSE': [256, 'relu']}, {'DENSE': [10, 'softmax']}]",L_MODIFY_PARAMS,SPC,GA,S,8,0.600099981,2.500230551,481249950,59.31983042,17233738,[],[],[],5,6,3
MO-LC(2)[M],FALSE,"[1, 0, 0, 1, 1, 2, 1, 0, 2, 2, -1, 1, 5, 4, 0, 5, 0, 3]","[{'INP': 32}, {'CONV': [32, 3]}, {'CONV': [64, 7]}, {'CONV': [32, 7]}, {'POOLMAX': [-1, 3]}, {'FLATTEN': None}, {'DENSE': [128, 'relu']}, {'DENSE': [10, 'softmax']}]",L_MODIFY_PARAMS,SPC,GA,S,8,0.684800029,1.042545557,206896542,44.49302816,612714,[],[],[],7,2,1
LC-MO(1)[M]-MO-LC(2)[M](1),TRUE,"[1, 0, 0, 1, 1, 2, 1, 0, 2, 2, -1, 1, 5, 4, 0, 5, 0, 3]","[{'INP': 32}, {'CONV': [32, 3]}, {'CONV': [64, 7]}, {'CONV': [32, 7]}, {'POOLMAX': [-1, 3]}, {'FLATTEN': None}, {'DENSE': [128, 'relu']}, {'DENSE': [10, 'softmax']}]",L_MODIFY_PARAMS,SPC,GA,S,8,0.667500019,1.03489697,206896542,44.08735156,612714,"[1, 0, 0, 1, 1, 1, 1, 1, 2, 1, 1, 2, 5, 5, 0, 5, 0, 3]","[1, 0, 0, 1, 1, 2, 1, 0, 2, 2, -1, 1, 5, 4, 0, 5, 0, 3]",[],-1,-1,-1
LC-MO(1)[M]-MO-LC(2)[M](2),TRUE,"[1, 0, 0, 1, 1, 1, 1, 1, 2, 1, 1, 2, 5, 5, 0, 5, 0, 3]","[{'INP': 32}, {'CONV': [32, 3]}, {'CONV': [64, 5]}, {'CONV': [64, 7]}, {'CONV': [64, 7]}, {'FLATTEN': None}, {'DENSE': [256, 'relu']}, {'DENSE': [10, 'softmax']}]",L_MODIFY_PARAMS,SPC,GA,S,8,0.650900006,2.178309679,481249950,59.54391074,17233738,"[1, 0, 0, 1, 1, 1, 1, 1, 2, 1, 1, 2, 5, 5, 0, 5, 0, 3]","[1, 0, 0, 1, 1, 2, 1, 0, 2, 2, -1, 1, 5, 4, 0, 5, 0, 3]",[],-1,-1,-1
LC-MO(1)[M],FALSE,"[1, 0, 0, 1, 1, 1, 1, 1, 2, 1, 1, 2, 5, 5, 0, 5, 0, 3]","[{'INP': 32}, {'CONV': [32, 3]}, {'CONV': [64, 5]}, {'CONV': [64, 7]}, {'CONV': [64, 7]}, {'FLATTEN': None}, {'DENSE': [256, 'relu']}, {'DENSE': [10, 'softmax']}]",L_MODIFY_PARAMS,SPC,GA,S,8,0.100000001,2.302677631,481249950,59.24802899,17233738,[],[],[],5,6,3
LC-MO(2)[M],FALSE,"[1, 0, 0, 1, 0, 1, 1, 3, 2, 2, -1, 1, 5, 3, 0, 5, 0, 3]","[{'INP': 32}, {'CONV': [32, 3]}, {'CONV': [32, 5]}, {'CONV': [256, 7]}, {'POOLMAX': [-1, 3]}, {'FLATTEN': None}, {'DENSE': [64, 'relu']}, {'DENSE': [10, 'softmax']}]",L_MODIFY_PARAMS,SPC,GA,S,8,0.709599972,1.310877204,440059070,50.26098752,2067306,[],[],[],2,6,3
LC-MO(1)[M]-LC-MO(2)[M](1),TRUE,"[1, 0, 0, 1, 1, 1, 1, 1, 2, 2, -1, 1, 5, 3, 0, 5, 0, 3]","[{'INP': 32}, {'CONV': [32, 3]}, {'CONV': [64, 5]}, {'CONV': [64, 7]}, {'POOLMAX': [-1, 3]}, {'FLATTEN': None}, {'DENSE': [64, 'relu']}, {'DENSE': [10, 'softmax']}]",L_MODIFY_PARAMS,SPC,GA,S,8,0.697700024,1.065723777,259355454,44.06104183,663242,"[1, 0, 0, 1, 1, 1, 1, 1, 2, 1, 1, 2, 5, 5, 0, 5, 0, 3]","[1, 0, 0, 1, 0, 1, 1, 3, 2, 2, -1, 1, 5, 3, 0, 5, 0, 3]",[],-1,-1,-1
LC-MO(1)[M]-LC-MO(2)[M](2),TRUE,"[1, 0, 0, 1, 0, 1, 1, 3, 2, 1, 1, 2, 5, 5, 0, 5, 0, 3]","[{'INP': 32}, {'CONV': [32, 3]}, {'CONV': [32, 5]}, {'CONV': [256, 7]}, {'CONV': [64, 7]}, {'FLATTEN': None}, {'DENSE': [256, 'relu']}, {'DENSE': [10, 'softmax']}]",L_MODIFY_PARAMS,SPC,GA,S,8,0.626399994,2.096559048,1277201054,85.86486769,18011114,"[1, 0, 0, 1, 1, 1, 1, 1, 2, 1, 1, 2, 5, 5, 0, 5, 0, 3]","[1, 0, 0, 1, 0, 1, 1, 3, 2, 2, -1, 1, 5, 3, 0, 5, 0, 3]",[],-1,-1,-1
LC-MO(1)[M]-MO-LC(1)[M](1)[M],TRUE,"[1, 0, 0, 1, 1, 1, 1, 1, 2, 1, 1, 2, 5, 4, 0, 5, 0, 3]","[{'INP': 32}, {'CONV': [32, 3]}, {'CONV': [64, 5]}, {'CONV': [64, 7]}, {'CONV': [64, 7]}, {'FLATTEN': None}, {'DENSE': [128, 'relu']}, {'DENSE': [10, 'softmax']}]",L_MODIFY_PARAMS,SPC,GA,S,8,0.585900009,2.056657314,472859998,55.32638216,8843722,"[1, 0, 0, 1, 1, 1, 1, 1, 2, 1, 1, 2, 5, 5, 0, 5, 0, 3]","[1, 0, 0, 1, 1, 1, 2, -1, 1, 1, 1, 1, 5, 4, 0, 5, 0, 3]","[1, 0, 0, 1, 1, 1, 1, 1, 2, 1, 1, 2, 5, 4, 0, 5, 0, 3]",1,4,0
LC-MO(1)[M]-MO-LC(1)[M](2)[M],TRUE,"[1, 0, 0, 1, 2, 1, 2, -1, 1, 1, 2, 1, 5, 5, 0, 5, 0, 3]","[{'INP': 32}, {'CONV': [32, 3]}, {'CONV': [128, 5]}, {'POOLMAX': [-1, 3]}, {'CONV': [128, 5]}, {'FLATTEN': None}, {'DENSE': [256, 'relu']}, {'DENSE': [10, 'softmax']}]",L_MODIFY_PARAMS,SPC,GA,S,8,0.728699982,1.319508076,150127774,42.01640487,3792778,"[1, 0, 0, 1, 1, 1, 1, 1, 2, 1, 1, 2, 5, 5, 0, 5, 0, 3]","[1, 0, 0, 1, 1, 1, 2, -1, 1, 1, 1, 1, 5, 4, 0, 5, 0, 3]","[1, 0, 0, 1, 1, 1, 2, -1, 1, 1, 1, 1, 5, 5, 0, 5, 0, 3]",6,3,2
LC-MO(1)[M]-MO-LC(2)[M](1)[M],TRUE,"[1, 0, 0, 1, 1, 2, 1, 0, 2, 2, -1, 1, 5, 4, 0, 5, 0, 3]","[{'INP': 32}, {'CONV': [32, 3]}, {'CONV': [64, 7]}, {'CONV': [32, 7]}, {'POOLMAX': [-1, 3]}, {'FLATTEN': None}, {'DENSE': [128, 'relu']}, {'DENSE': [10, 'softmax']}]",L_MODIFY_PARAMS,SPC,GA,S,8,0.700299978,1.003898144,206896542,43.60731554,612714,"[1, 0, 0, 1, 1, 1, 1, 1, 2, 1, 1, 2, 5, 5, 0, 5, 0, 3]","[1, 0, 0, 1, 1, 2, 1, 0, 2, 2, -1, 1, 5, 4, 0, 5, 0, 3]","[1, 0, 0, 1, 1, 2, 1, 0, 2, 2, -1, 1, 5, 4, 0, 5, 0, 3]",6,0,0
LC-MO(1)[M]-MO-LC(2)[M](2)[M],TRUE,"[1, 0, 0, 1, 1, 1, 1, 1, 2, 1, 2, 2, 5, 5, 0, 5, 0, 3]","[{'INP': 32}, {'CONV': [32, 3]}, {'CONV': [64, 5]}, {'CONV': [64, 7]}, {'CONV': [128, 7]}, {'FLATTEN': None}, {'DENSE': [256, 'relu']}, {'DENSE': [10, 'softmax']}]",L_MODIFY_PARAMS,SPC,GA,S,8,0.646399975,2.406353951,703580830,73.89110112,34211722,"[1, 0, 0, 1, 1, 1, 1, 1, 2, 1, 1, 2, 5, 5, 0, 5, 0, 3]","[1, 0, 0, 1, 1, 2, 1, 0, 2, 2, -1, 1, 5, 4, 0, 5, 0, 3]","[1, 0, 0, 1, 1, 1, 1, 1, 2, 1, 1, 2, 5, 5, 0, 5, 0, 3]",1,6,1
LC-MO(1)[M]-LC-MO(2)[M](1)[M],TRUE,"[1, 0, 0, 1, 1, 1, 1, 1, 2, 2, -1, 1, 5, 3, 0, 5, 0, 3]","[{'INP': 32}, {'CONV': [32, 3]}, {'CONV': [64, 5]}, {'CONV': [64, 7]}, {'POOLMAX': [-1, 3]}, {'FLATTEN': None}, {'DENSE': [64, 'relu']}, {'DENSE': [10, 'softmax']}]",L_MODIFY_PARAMS,SPC,GA,S,8,0.693400025,1.072447658,259355454,44.40901494,663242,"[1, 0, 0, 1, 1, 1, 1, 1, 2, 1, 1, 2, 5, 5, 0, 5, 0, 3]","[1, 0, 0, 1, 0, 1, 1, 3, 2, 2, -1, 1, 5, 3, 0, 5, 0, 3]","[1, 0, 0, 1, 1, 1, 1, 1, 2, 2, -1, 1, 5, 3, 0, 5, 0, 3]",4,2,0
LC-MO(1)[M]-LC-MO(2)[M](2)[M],TRUE,"[1, 0, 0, 1, 1, 1, 1, 3, 2, 1, 1, 2, 5, 5, 0, 5, 0, 3]","[{'INP': 32}, {'CONV': [32, 3]}, {'CONV': [64, 5]}, {'CONV': [256, 7]}, {'CONV': [64, 7]}, {'FLATTEN': None}, {'DENSE': [256, 'relu']}, {'DENSE': [10, 'softmax']}]",L_MODIFY_PARAMS,SPC,GA,S,8,0.100000001,2.302602768,1714473630,95.51381588,18438154,"[1, 0, 0, 1, 1, 1, 1, 1, 2, 1, 1, 2, 5, 5, 0, 5, 0, 3]","[1, 0, 0, 1, 0, 1, 1, 3, 2, 2, -1, 1, 5, 3, 0, 5, 0, 3]","[1, 0, 0, 1, 0, 1, 1, 3, 2, 1, 1, 2, 5, 5, 0, 5, 0, 3]",1,5,1
LC,FALSE,"[1, 0, 0, 1, 1, 1, 1, 0, 2, 2, -1, 1, 5, 3, 0, 5, 0, 3]","[{'INP': 32}, {'CONV': [32, 3]}, {'CONV': [64, 5]}, {'CONV': [32, 7]}, {'POOLMAX': [-1, 3]}, {'FLATTEN': None}, {'DENSE': [64, 'relu']}, {'DENSE': [10, 'softmax']}]",L_CHANGE_TYPE,SPC,GA,S,8,0.689700007,0.944261253,156359422,42.92483401,358058,[],[],[],-1,-1,-1
MO,FALSE,"[1, 0, 0, 1, 0, 1, 2, -1, 1, 1, 1, 1, 5, 4, 0, 5, 0, 3]","[{'INP': 32}, {'CONV': [32, 3]}, {'CONV': [32, 5]}, {'POOLMAX': [-1, 3]}, {'CONV': [64, 5]}, {'FLATTEN': None}, {'DENSE': [128, 'relu']}, {'DENSE': [10, 'softmax']}]",L_CHANGE_TYPE,SPC,GA,S,8,0.719600022,1.201721072,33090078,41.77019334,898410,[],[],[],-1,-1,-1
LC-MO(1),TRUE,"[1, 0, 0, 1, 1, 1, 1, 0, 2, 1, 1, 1, 5, 4, 0, 5, 0, 3]","[{'INP': 32}, {'CONV': [32, 3]}, {'CONV': [64, 5]}, {'CONV': [32, 7]}, {'CONV': [64, 5]}, {'FLATTEN': None}, {'DENSE': [128, 'relu']}, {'DENSE': [10, 'softmax']}]",L_CHANGE_TYPE,SPC,GA,S,8,0.616400003,2.473666906,216991070,49.03458071,8593834,"[1, 0, 0, 1, 1, 1, 1, 0, 2, 2, -1, 1, 5, 3, 0, 5, 0, 3]","[1, 0, 0, 1, 0, 1, 2, -1, 1, 1, 1, 1, 5, 4, 0, 5, 0, 3]",[],-1,-1,-1
LC-MO(2),TRUE,"[1, 0, 0, 1, 0, 1, 2, -1, 1, 2, -1, 1, 5, 3, 0, 5, 0, 3]","[{'INP': 32}, {'CONV': [32, 3]}, {'CONV': [32, 5]}, {'CONV': [256, 7]}, {'POOLMAX': [-1, 3]}, {'FLATTEN': None}, {'DENSE': [64, 'relu']}, {'DENSE': [10, 'softmax']}]",L_CHANGE_TYPE,SPC,GA,S,8,0.695599973,1.423577428,440059070,50.18265557,2067306,"[1, 0, 0, 1, 1, 1, 1, 0, 2, 2, -1, 1, 5, 3, 0, 5, 0, 3]","[1, 0, 0, 1, 0, 1, 2, -1, 1, 1, 1, 1, 5, 4, 0, 5, 0, 3]",[],-1,-1,-1
MO,FALSE,"[1, 0, 0, 1, 0, 1, 2, -1, 1, 1, 1, 1, 5, 4, 0, 5, 0, 3]","[{'INP': 32}, {'CONV': [32, 3]}, {'CONV': [32, 5]}, {'POOLMAX': [-1, 3]}, {'CONV': [64, 5]}, {'FLATTEN': None}, {'DENSE': [128, 'relu']}, {'DENSE': [10, 'softmax']}]",L_CHANGE_TYPE,SPC,GA,S,8,0.709299982,1.222857475,33090078,41.66770482,898410,[],[],[],-1,-1,-1
LC,FALSE,"[1, 0, 0, 1, 1, 1, 1, 0, 2, 2, -1, 1, 5, 3, 0, 5, 0, 3]","[{'INP': 32}, {'CONV': [32, 3]}, {'CONV': [64, 5]}, {'CONV': [32, 7]}, {'POOLMAX': [-1, 3]}, {'FLATTEN': None}, {'DENSE': [64, 'relu']}, {'DENSE': [10, 'softmax']}]",L_CHANGE_TYPE,SPC,GA,S,8,0.676999986,1.003802896,156359422,42.60248685,358058,[],[],[],-1,-1,-1
MO-LC(1),TRUE,"[1, 0, 0, 1, 0, 1, 2, -1, 1, 1, 1, 1, 5, 3, 0, 5, 0, 3]","[{'INP': 32}, {'CONV': [32, 3]}, {'CONV': [32, 5]}, {'POOLMAX': [-1, 3]}, {'CONV': [64, 5]}, {'FLATTEN': None}, {'DENSE': [64, 'relu']}, {'DENSE': [10, 'softmax']}]",L_CHANGE_TYPE,SPC,GA,S,8,0.712100029,0.992559791,32679806,41.87494278,488106,"[1, 0, 0, 1, 0, 1, 2, -1, 1, 1, 1, 1, 5, 4, 0, 5, 0, 3]","[1, 0, 0, 1, 1, 1, 1, 0, 2, 2, -1, 1, 5, 3, 0, 5, 0, 3]",[],-1,-1,-1
MO-LC(2),TRUE,"[1, 0, 0, 1, 1, 1, 1, 0, 2, 2, -1, 1, 5, 4, 0, 5, 0, 3]","[{'INP': 32}, {'CONV': [32, 3]}, {'CONV': [64, 5]}, {'CONV': [32, 7]}, {'POOLMAX': [-1, 3]}, {'FLATTEN': None}, {'DENSE': [128, 'relu']}, {'DENSE': [10, 'softmax']}]",L_CHANGE_TYPE,SPC,GA,S,8,0.697399974,0.981194854,156564894,42.5351119,563562,"[1, 0, 0, 1, 0, 1, 2, -1, 1, 1, 1, 1, 5, 4, 0, 5, 0, 3]","[1, 0, 0, 1, 1, 1, 1, 0, 2, 2, -1, 1, 5, 3, 0, 5, 0, 3]",[],-1,-1,-1
MO,FALSE,"[1, 0, 0, 1, 0, 1, 2, -1, 1, 1, 1, 1, 5, 4, 0, 5, 0, 3]","[{'INP': 32}, {'CONV': [32, 3]}, {'CONV': [32, 5]}, {'POOLMAX': [-1, 3]}, {'CONV': [64, 5]}, {'FLATTEN': None}, {'DENSE': [128, 'relu']}, {'DENSE': [10, 'softmax']}]",L_CHANGE_TYPE,SPC,GA,S,8,0.726000011,1.310521007,33090078,41.66844463,898410,[],[],[],-1,-1,-1
OP,FALSE,"[1, 1, 2, 2, -1, 1, 1, 1, 2, 3, -1, 1, 5, 4, 0, 5, 0, 3]","[{'INP': 32}, {'CONV': [64, 7]}, {'POOLMAX': [-1, 3]}, {'CONV': [64, 7]}, {'POOLAVG': [-1, 3]}, {'FLATTEN': None}, {'DENSE': [128, 'relu']}, {'DENSE': [10, 'softmax']}]",L_CHANGE_TYPE,SPC,GA,S,8,0.704400003,0.864864171,29846654,37.86759448,285386,[],[],[],-1,-1,-1
MO-OP(1),TRUE,"[1, 0, 0, 2, -1, 1, 1, 1, 2, 3, -1, 1, 5, 4, 0, 5, 0, 3]","[{'INP': 32}, {'CONV': [32, 3]}, {'POOLMAX': [-1, 3]}, {'CONV': [64, 7]}, {'POOLAVG': [-1, 3]}, {'FLATTEN': None}, {'DENSE': [128, 'relu']}, {'DENSE': [10, 'softmax']}]",L_CHANGE_TYPE,SPC,GA,S,8,0.70450002,0.866330862,11031614,37.51226234,176458,"[1, 0, 0, 1, 0, 1, 2, -1, 1, 1, 1, 1, 5, 4, 0, 5, 0, 3]","[1, 1, 2, 2, -1, 1, 1, 1, 2, 3, -1, 1, 5, 4, 0, 5, 0, 3]",[],-1,-1,-1
MO-OP(2),TRUE,"[1, 1, 2, 1, 0, 1, 2, -1, 1, 1, 1, 1, 5, 4, 0, 5, 0, 3]","[{'INP': 32}, {'CONV': [64, 7]}, {'CONV': [32, 5]}, {'POOLMAX': [-1, 3]}, {'CONV': [64, 5]}, {'FLATTEN': None}, {'DENSE': [128, 'relu']}, {'DENSE': [10, 'softmax']}]",L_CHANGE_TYPE,SPC,GA,S,8,0.649999976,1.395476222,68069918,43.40186477,932586,"[1, 0, 0, 1, 0, 1, 2, -1, 1, 1, 1, 1, 5, 4, 0, 5, 0, 3]","[1, 1, 2, 2, -1, 1, 1, 1, 2, 3, -1, 1, 5, 4, 0, 5, 0, 3]",[],-1,-1,-1
LC-MO(1)[M],TRUE,"[1, 0, 0, 2, -1, 0, 1, 0, 2, 3, -1, 0, 5, 4, 0, 5, 0, 3]","[{'INP': 32}, {'CONV': [32, 3]}, {'POOLMAX': [-1, 2]}, {'CONV': [32, 7]}, {'POOLAVG': [-1, 2]}, {'FLATTEN': None}, {'DENSE': [128, 'relu']}, {'DENSE': [10, 'softmax']}]",L_CHANGE_TYPE,SPC,GA,S,8,0.692700028,0.92430234,14034270,38.69617486,314666,"[1, 0, 0, 1, 1, 1, 1, 0, 2, 2, -1, 1, 5, 3, 0, 5, 0, 3]","[1, 0, 0, 1, 0, 1, 2, -1, 1, 1, 1, 1, 5, 4, 0, 5, 0, 3]","[1, 0, 0, 1, 1, 1, 1, 0, 2, 1, 1, 1, 5, 4, 0, 5, 0, 3]",6,9,6
LC-MO(2)[M],TRUE,"[1, 0, 0, 1, 0, 1, 1, 3, 2, 2, -1, 1, 5, 3, 0, 5, 0, 3]","[{'INP': 32}, {'CONV': [32, 3]}, {'CONV': [32, 5]}, {'CONV': [256, 7]}, {'POOLMAX': [-1, 3]}, {'FLATTEN': None}, {'DENSE': [64, 'relu']}, {'DENSE': [10, 'softmax']}]",L_CHANGE_TYPE,SPC,GA,S,8,0.705900013,1.551564336,440059070,50.45195985,2067306,"[1, 0, 0, 1, 1, 1, 1, 0, 2, 2, -1, 1, 5, 3, 0, 5, 0, 3]","[1, 0, 0, 1, 0, 1, 2, -1, 1, 1, 1, 1, 5, 4, 0, 5, 0, 3]","[1, 0, 0, 1, 0, 1, 2, -1, 1, 2, -1, 1, 5, 3, 0, 5, 0, 3]",2,6,3
MO-LC(1)[M],TRUE,"[1, 0, 0, 3, -1, 0, 2, -1, 1, 1, 1, 1, 5, 3, 0, 5, 0, 3]","[{'INP': 32}, {'CONV': [32, 3]}, {'CONV': [256, 7]}, {'POOLMAX': [-1, 3]}, {'CONV': [64, 5]}, {'FLATTEN': None}, {'DENSE': [64, 'relu']}, {'DENSE': [10, 'softmax']}]",L_CHANGE_TYPE,SPC,GA,S,8,0.720000029,0.967887521,453562686,50.24326205,1222538,"[1, 0, 0, 1, 0, 1, 2, -1, 1, 1, 1, 1, 5, 4, 0, 5, 0, 3]","[1, 0, 0, 1, 1, 1, 1, 0, 2, 2, -1, 1, 5, 3, 0, 5, 0, 3]","[1, 0, 0, 1, 0, 1, 2, -1, 1, 1, 1, 1, 5, 3, 0, 5, 0, 3]",4,8,3
MO-LC(2)[M],TRUE,"[2, -1, 0, 1, 1, 1, 1, 0, 2, 1, 0, 1, 5, 4, 0, 5, 0, 3]","[{'INP': 32}, {'POOLMAX': [-1, 2]}, {'CONV': [64, 5]}, {'CONV': [32, 7]}, {'CONV': [32, 5]}, {'FLATTEN': None}, {'DENSE': [128, 'relu']}, {'DENSE': [10, 'softmax']}]",L_CHANGE_TYPE,SPC,GA,S,8,0.5528,1.563099027,34540382,41.8932054,1180874,"[1, 0, 0, 1, 0, 1, 2, -1, 1, 1, 1, 1, 5, 4, 0, 5, 0, 3]","[1, 0, 0, 1, 1, 1, 1, 0, 2, 2, -1, 1, 5, 3, 0, 5, 0, 3]","[1, 0, 0, 1, 1, 1, 1, 0, 2, 2, -1, 1, 5, 4, 0, 5, 0, 3]",7,5,4
MO-OP(1)[M],TRUE,"[1, 0, 0, 2, -1, 1, 1, 1, 2, 2, -1, 0, 5, 4, 0, 5, 0, 3]","[{'INP': 32}, {'CONV': [32, 3]}, {'POOLMAX': [-1, 3]}, {'CONV': [64, 7]}, {'POOLMAX': [-1, 2]}, {'FLATTEN': None}, {'DENSE': [128, 'relu']}, {'DENSE': [10, 'softmax']}]",L_CHANGE_TYPE,SPC,GA,S,8,0.707799971,0.912349701,11163294,37.8299911,307530,"[1, 0, 0, 1, 0, 1, 2, -1, 1, 1, 1, 1, 5, 4, 0, 5, 0, 3]","[1, 1, 2, 2, -1, 1, 1, 1, 2, 3, -1, 1, 5, 4, 0, 5, 0, 3]","[1, 0, 0, 2, -1, 1, 1, 1, 2, 3, -1, 1, 5, 4, 0, 5, 0, 3]",8,4,2
MO-OP(2)[M],TRUE,"[2, -1, 1, 3, -1, 1, 2, -1, 1, 1, 1, 1, 5, 4, 0, 5, 0, 3]","[{'INP': 32}, {'CONV': [64, 5]}, {'CONV': [64, 7]}, {'POOLMAX': [-1, 3]}, {'CONV': [64, 5]}, {'FLATTEN': None}, {'DENSE': [128, 'relu']}, {'DENSE': [10, 'softmax']}]",L_CHANGE_TYPE,SPC,GA,S,8,0.67869997,1.317963719,221594206,43.52987361,1128714,"[1, 0, 0, 1, 0, 1, 2, -1, 1, 1, 1, 1, 5, 4, 0, 5, 0, 3]","[1, 1, 2, 2, -1, 1, 1, 1, 2, 3, -1, 1, 5, 4, 0, 5, 0, 3]","[1, 1, 2, 1, 0, 1, 2, -1, 1, 1, 1, 1, 5, 4, 0, 5, 0, 3]",5,9,5
MO-LC(2)[M],FALSE,"[2, -1, 0, 1, 1, 1, 1, 0, 2, 1, 0, 1, 5, 4, 0, 5, 0, 3]","[{'INP': 32}, {'POOLMAX': [-1, 2]}, {'CONV': [64, 5]}, {'CONV': [32, 7]}, {'CONV': [32, 5]}, {'FLATTEN': None}, {'DENSE': [128, 'relu']}, {'DENSE': [10, 'softmax']}]",L_CHANGE_TYPE,SPC,GA,S,8,0.575900018,1.473644376,34540382,42.00659275,1180874,[],[],[],7,5,4
LC-MO(2)[M],FALSE,"[1, 0, 0, 1, 0, 1, 1, 3, 2, 2, -1, 1, 5, 3, 0, 5, 0, 3]","[{'INP': 32}, {'CONV': [32, 3]}, {'CONV': [32, 5]}, {'CONV': [256, 7]}, {'POOLMAX': [-1, 3]}, {'FLATTEN': None}, {'DENSE': [64, 'relu']}, {'DENSE': [10, 'softmax']}]",L_CHANGE_TYPE,SPC,GA,S,8,0.685000002,1.427940607,440059070,50.35392785,2067306,[],[],[],2,6,3
MO-LC(2)[M]-LC-MO(2)[M](1),TRUE,"[2, -1, 0, 1, 1, 1, 1, 3, 2, 2, -1, 1, 5, 3, 0, 5, 0, 3]","[{'INP': 32}, {'POOLMAX': [-1, 2]}, {'CONV': [64, 5]}, {'CONV': [256, 7]}, {'POOLMAX': [-1, 3]}, {'FLATTEN': None}, {'DENSE': [64, 'relu']}, {'DENSE': [10, 'softmax']}]",L_CHANGE_TYPE,SPC,GA,S,8,0.633400023,1.152686954,207231294,38.05439448,1218250,"[2, -1, 0, 1, 1, 1, 1, 0, 2, 1, 0, 1, 5, 4, 0, 5, 0, 3]","[1, 0, 0, 1, 0, 1, 1, 3, 2, 2, -1, 1, 5, 3, 0, 5, 0, 3]",[],-1,-1,-1
MO-LC(2)[M]-LC-MO(2)[M](2),TRUE,"[1, 0, 0, 1, 0, 1, 1, 0, 2, 1, 0, 1, 5, 4, 0, 5, 0, 3]","[{'INP': 32}, {'CONV': [32, 3]}, {'CONV': [32, 5]}, {'CONV': [32, 7]}, {'CONV': [32, 5]}, {'FLATTEN': None}, {'DENSE': [128, 'relu']}, {'DENSE': [10, 'softmax']}]",L_CHANGE_TYPE,SPC,GA,S,8,0.638199985,1.677979112,108954974,45.52263856,4298090,"[2, -1, 0, 1, 1, 1, 1, 0, 2, 1, 0, 1, 5, 4, 0, 5, 0, 3]","[1, 0, 0, 1, 0, 1, 1, 3, 2, 2, -1, 1, 5, 3, 0, 5, 0, 3]",[],-1,-1,-1
LC-MO(1)[M],FALSE,"[1, 0, 0, 2, -1, 0, 1, 0, 2, 3, -1, 0, 5, 4, 0, 5, 0, 3]","[{'INP': 32}, {'CONV': [32, 3]}, {'POOLMAX': [-1, 2]}, {'CONV': [32, 7]}, {'POOLAVG': [-1, 2]}, {'FLATTEN': None}, {'DENSE': [128, 'relu']}, {'DENSE': [10, 'softmax']}]",L_CHANGE_TYPE,SPC,GA,S,8,0.701600015,0.898187816,14034270,38.10033846,314666,[],[],[],6,9,6
MO-LC(1)[M],FALSE,"[1, 0, 0, 3, -1, 0, 2, -1, 1, 1, 1, 1, 5, 3, 0, 5, 0, 3]","[{'INP': 32}, {'CONV': [32, 3]}, {'CONV': [256, 7]}, {'POOLMAX': [-1, 3]}, {'CONV': [64, 5]}, {'FLATTEN': None}, {'DENSE': [64, 'relu']}, {'DENSE': [10, 'softmax']}]",L_CHANGE_TYPE,SPC,GA,S,8,0.718400002,0.916606367,453562686,50.26644349,1222538,[],[],[],4,8,3
LC-MO(1)[M]-MO-LC(1)[M](1),TRUE,"[1, 0, 0, 2, -1, 0, 1, 0, 2, 1, 1, 1, 5, 3, 0, 5, 0, 3]","[{'INP': 32}, {'CONV': [32, 3]}, {'POOLMAX': [-1, 2]}, {'CONV': [32, 7]}, {'CONV': [64, 5]}, {'FLATTEN': None}, {'DENSE': [64, 'relu']}, {'DENSE': [10, 'softmax']}]",L_CHANGE_TYPE,SPC,GA,S,8,0.657000005,1.139713168,27931326,42.41106343,1151658,"[1, 0, 0, 2, -1, 0, 1, 0, 2, 3, -1, 0, 5, 4, 0, 5, 0, 3]","[1, 0, 0, 3, -1, 0, 2, -1, 1, 1, 1, 1, 5, 3, 0, 5, 0, 3]",[],-1,-1,-1
LC-MO(1)[M]-MO-LC(1)[M](2),TRUE,"[1, 0, 0, 1, 3, 2, 2, -1, 1, 3, -1, 0, 5, 4, 0, 5, 0, 3]","[{'INP': 32}, {'CONV': [32, 3]}, {'CONV': [256, 7]}, {'CONV': [256, 7]}, {'POOLAVG': [-1, 2]}, {'FLATTEN': None}, {'DENSE': [128, 'relu']}, {'DENSE': [10, 'softmax']}]",L_CHANGE_TYPE,SPC,GA,S,8,0.656899989,1.28415978,3709060446,128.9523437,12004106,"[1, 0, 0, 2, -1, 0, 1, 0, 2, 3, -1, 0, 5, 4, 0, 5, 0, 3]","[1, 0, 0, 3, -1, 0, 2, -1, 1, 1, 1, 1, 5, 3, 0, 5, 0, 3]",[],-1,-1,-1
MO-OP(2)[M],FALSE,"[2, -1, 1, 3, -1, 1, 2, -1, 1, 1, 1, 1, 5, 4, 0, 5, 0, 3]","[{'INP': 32}, {'CONV': [64, 5]}, {'CONV': [64, 7]}, {'POOLMAX': [-1, 3]}, {'CONV': [64, 5]}, {'FLATTEN': None}, {'DENSE': [128, 'relu']}, {'DENSE': [10, 'softmax']}]",L_CHANGE_TYPE,SPC,GA,S,8,0.689300001,1.28487587,221594206,43.69352579,1128714,[],[],[],5,9,5
MO-OP(1)[M],FALSE,"[1, 0, 0, 2, -1, 1, 1, 1, 2, 2, -1, 0, 5, 4, 0, 5, 0, 3]","[{'INP': 32}, {'CONV': [32, 3]}, {'POOLMAX': [-1, 3]}, {'CONV': [64, 7]}, {'POOLMAX': [-1, 2]}, {'FLATTEN': None}, {'DENSE': [128, 'relu']}, {'DENSE': [10, 'softmax']}]",L_CHANGE_TYPE,SPC,GA,S,8,0.6972,0.931323707,11163294,38.37867284,307530,[],[],[],8,4,2
MO-OP(2)[M]-MO-OP(1)[M](1),TRUE,"[1, 1, 1, 1, 1, 2, 1, 1, 2, 2, -1, 0, 5, 4, 0, 5, 0, 3]","[{'INP': 32}, {'CONV': [64, 5]}, {'CONV': [64, 7]}, {'CONV': [64, 7]}, {'POOLMAX': [-1, 2]}, {'FLATTEN': None}, {'DENSE': [128, 'relu']}, {'DENSE': [10, 'softmax']}]",L_CHANGE_TYPE,SPC,GA,S,8,0.61589998,2.056092978,418186590,49.33506823,2504970,"[2, -1, 1, 3, -1, 1, 2, -1, 1, 1, 1, 1, 5, 4, 0, 5, 0, 3]","[1, 0, 0, 2, -1, 1, 1, 1, 2, 2, -1, 0, 5, 4, 0, 5, 0, 3]",[],-1,-1,-1
MO-OP(2)[M]-MO-OP(1)[M](2),TRUE,"[1, 0, 0, 2, -1, 1, 2, -1, 1, 1, 1, 1, 5, 4, 0, 5, 0, 3]","[{'INP': 32}, {'CONV': [32, 3]}, {'CONV': [64, 5]}, {'POOLMAX': [-1, 3]}, {'CONV': [64, 5]}, {'FLATTEN': None}, {'DENSE': [128, 'relu']}, {'DENSE': [10, 'softmax']}]",L_CHANGE_TYPE,SPC,GA,S,8,0.709599972,1.263021827,64455262,42.4524219,975242,"[2, -1, 1, 3, -1, 1, 2, -1, 1, 1, 1, 1, 5, 4, 0, 5, 0, 3]","[1, 0, 0, 2, -1, 1, 1, 1, 2, 2, -1, 0, 5, 4, 0, 5, 0, 3]",[],-1,-1,-1
MO-LC(2)[M]-LC-MO(2)[M](1)[M],TRUE,"[2, -1, 0, 1, 1, 1, 1, 3, 2, 3, -1, 1, 5, 3, 0, 5, 0, 3]","[{'INP': 32}, {'POOLMAX': [-1, 2]}, {'CONV': [64, 5]}, {'CONV': [256, 7]}, {'POOLAVG': [-1, 3]}, {'FLATTEN': None}, {'DENSE': [64, 'relu']}, {'DENSE': [10, 'softmax']}]",L_CHANGE_TYPE,SPC,GA,S,8,0.654100001,1.041632771,207231294,37.49586368,1218250,"[2, -1, 0, 1, 1, 1, 1, 0, 2, 1, 0, 1, 5, 4, 0, 5, 0, 3]","[1, 0, 0, 1, 0, 1, 1, 3, 2, 2, -1, 1, 5, 3, 0, 5, 0, 3]","[2, -1, 0, 1, 1, 1, 1, 3, 2, 2, -1, 1, 5, 3, 0, 5, 0, 3]",4,4,1
MO-LC(2)[M]-LC-MO(2)[M](2)[M],TRUE,"[3, -1, 1, 3, -1, 1, 1, 0, 2, 1, 0, 1, 5, 4, 0, 5, 0, 3]","[{'INP': 32}, {'CONV': [256, 7]}, {'POOLAVG': [-1, 3]}, {'CONV': [32, 7]}, {'CONV': [32, 5]}, {'FLATTEN': None}, {'DENSE': [128, 'relu']}, {'DENSE': [10, 'softmax']}]",L_CHANGE_TYPE,SPC,GA,S,8,0.6074,1.249844551,81896414,44.31829095,875978,"[2, -1, 0, 1, 1, 1, 1, 0, 2, 1, 0, 1, 5, 4, 0, 5, 0, 3]","[1, 0, 0, 1, 0, 1, 1, 3, 2, 2, -1, 1, 5, 3, 0, 5, 0, 3]","[1, 0, 0, 1, 0, 1, 1, 0, 2, 1, 0, 1, 5, 4, 0, 5, 0, 3]",4,9,5
LC-MO(1)[M]-MO-LC(1)[M](1)[M],TRUE,"[1, 0, 0, 2, -1, 0, 1, 0, 2, 1, 1, 1, 5, 3, 0, 5, 0, 3]","[{'INP': 32}, {'CONV': [32, 3]}, {'POOLMAX': [-1, 2]}, {'CONV': [32, 7]}, {'CONV': [64, 5]}, {'FLATTEN': None}, {'DENSE': [64, 'relu']}, {'DENSE': [10, 'softmax']}]",L_CHANGE_TYPE,SPC,GA,S,8,0.688199997,1.217034817,27931326,43.08931732,1151658,"[1, 0, 0, 2, -1, 0, 1, 0, 2, 3, -1, 0, 5, 4, 0, 5, 0, 3]","[1, 0, 0, 3, -1, 0, 2, -1, 1, 1, 1, 1, 5, 3, 0, 5, 0, 3]","[1, 0, 0, 2, -1, 0, 1, 0, 2, 1, 1, 1, 5, 3, 0, 5, 0, 3]",4,4,0
LC-MO(1)[M]-MO-LC(1)[M](2)[M],TRUE,"[1, 0, 0, 3, -1, 0, 1, 3, 2, 3, -1, 0, 5, 4, 0, 5, 0, 3]","[{'INP': 32}, {'CONV': [32, 3]}, {'POOLAVG': [-1, 2]}, {'CONV': [256, 7]}, {'POOLAVG': [-1, 2]}, {'FLATTEN': None}, {'DENSE': [128, 'relu']}, {'DENSE': [10, 'softmax']}]",L_CHANGE_TYPE,SPC,GA,S,8,0.698599994,0.879155457,105842014,37.71212435,2501130,"[1, 0, 0, 2, -1, 0, 1, 0, 2, 3, -1, 0, 5, 4, 0, 5, 0, 3]","[1, 0, 0, 3, -1, 0, 2, -1, 1, 1, 1, 1, 5, 3, 0, 5, 0, 3]","[1, 0, 0, 1, 3, 2, 2, -1, 1, 3, -1, 0, 5, 4, 0, 5, 0, 3]",2,7,6
MO-OP(2)[M]-MO-OP(1)[M](1)[M],TRUE,"[1, 1, 1, 3, -1, 0, 1, 1, 2, 3, -1, 1, 5, 4, 0, 5, 0, 3]","[{'INP': 32}, {'CONV': [64, 5]}, {'POOLAVG': [-1, 2]}, {'CONV': [64, 7]}, {'POOLAVG': [-1, 3]}, {'FLATTEN': None}, {'DENSE': [128, 'relu']}, {'DENSE': [10, 'softmax']}]",L_CHANGE_TYPE,SPC,GA,S,8,0.701099992,0.915192306,56582526,38.53156996,411850,"[2, -1, 1, 3, -1, 1, 2, -1, 1, 1, 1, 1, 5, 4, 0, 5, 0, 3]","[1, 0, 0, 2, -1, 1, 1, 1, 2, 2, -1, 0, 5, 4, 0, 5, 0, 3]","[1, 1, 1, 1, 1, 2, 1, 1, 2, 2, -1, 0, 5, 4, 0, 5, 0, 3]",8,6,5
MO-OP(2)[M]-MO-OP(1)[M](2)[M],TRUE,"[1, 0, 0, 1, 1, 1, 2, -1, 1, 1, 1, 1, 5, 4, 0, 5, 0, 3]","[{'INP': 32}, {'CONV': [32, 3]}, {'CONV': [64, 5]}, {'POOLMAX': [-1, 3]}, {'CONV': [64, 5]}, {'FLATTEN': None}, {'DENSE': [128, 'relu']}, {'DENSE': [10, 'softmax']}]",L_CHANGE_TYPE,SPC,GA,S,8,0.730300009,1.181622863,64455262,41.44855738,975242,"[2, -1, 1, 3, -1, 1, 2, -1, 1, 1, 1, 1, 5, 4, 0, 5, 0, 3]","[1, 0, 0, 2, -1, 1, 1, 1, 2, 2, -1, 0, 5, 4, 0, 5, 0, 3]","[1, 0, 0, 2, -1, 1, 2, -1, 1, 1, 1, 1, 5, 4, 0, 5, 0, 3]",5,8,2
LC,FALSE,"[1, 0, 0, 1, 1, 1, 1, 0, 2, 2, -1, 1, 5, 3, 0, 5, 0, 3]","[{'INP': 32}, {'CONV': [32, 3]}, {'CONV': [64, 5]}, {'CONV': [32, 7]}, {'POOLMAX': [-1, 3]}, {'FLATTEN': None}, {'DENSE': [64, 'relu']}, {'DENSE': [10, 'softmax']}]",L_MODIFY_PARAMS,TPC,GA,S,8,0.680100024,0.999097466,156359422,42.31883144,358058,[],[],[],-1,-1,-1
MO,FALSE,"[1, 0, 0, 1, 0, 1, 2, -1, 1, 1, 1, 1, 5, 4, 0, 5, 0, 3]","[{'INP': 32}, {'CONV': [32, 3]}, {'CONV': [32, 5]}, {'POOLMAX': [-1, 3]}, {'CONV': [64, 5]}, {'FLATTEN': None}, {'DENSE': [128, 'relu']}, {'DENSE': [10, 'softmax']}]",L_MODIFY_PARAMS,TPC,GA,S,8,0.716099977,1.217490554,33090078,41.32793903,898410,[],[],[],-1,-1,-1
LC-MO(1),TRUE,"[1, 0, 0, 1, 1, 1, 2, -1, 1, 2, -1, 1, 5, 3, 0, 5, 0, 3]","[{'INP': 32}, {'CONV': [32, 3]}, {'CONV': [64, 5]}, {'CONV': [32, 3]}, {'POOLMAX': [-1, 3]}, {'FLATTEN': None}, {'DENSE': [64, 'relu']}, {'DENSE': [10, 'softmax']}]",L_MODIFY_PARAMS,TPC,GA,S,8,0.701799989,0.9123137,72473342,41.72088218,276138,"[1, 0, 0, 1, 1, 1, 1, 0, 2, 2, -1, 1, 5, 3, 0, 5, 0, 3]","[1, 0, 0, 1, 0, 1, 2, -1, 1, 1, 1, 1, 5, 4, 0, 5, 0, 3]",[],-1,-1,-1
LC-MO(2),TRUE,"[1, 0, 0, 1, 0, 1, 1, 0, 2, 1, 1, 1, 5, 4, 0, 5, 0, 3]","[{'INP': 32}, {'CONV': [32, 3]}, {'CONV': [32, 5]}, {'CONV': [32, 7]}, {'CONV': [64, 5]}, {'FLATTEN': None}, {'DENSE': [128, 'relu']}, {'DENSE': [10, 'softmax']}]",L_MODIFY_PARAMS,TPC,GA,S,8,0.633599997,1.961738825,139380062,46.07671642,8518026,"[1, 0, 0, 1, 1, 1, 1, 0, 2, 2, -1, 1, 5, 3, 0, 5, 0, 3]","[1, 0, 0, 1, 0, 1, 2, -1, 1, 1, 1, 1, 5, 4, 0, 5, 0, 3]",[],-1,-1,-1
MO,FALSE,"[1, 0, 0, 1, 0, 1, 2, -1, 1, 1, 1, 1, 5, 4, 0, 5, 0, 3]","[{'INP': 32}, {'CONV': [32, 3]}, {'CONV': [32, 5]}, {'POOLMAX': [-1, 3]}, {'CONV': [64, 5]}, {'FLATTEN': None}, {'DENSE': [128, 'relu']}, {'DENSE': [10, 'softmax']}]",L_MODIFY_PARAMS,TPC,GA,S,8,0.723800004,1.31381011,33090078,41.89300823,898410,[],[],[],-1,-1,-1
OP,FALSE,"[1, 1, 2, 2, -1, 1, 1, 1, 2, 3, -1, 1, 5, 4, 0, 5, 0, 3]","[{'INP': 32}, {'CONV': [64, 7]}, {'POOLMAX': [-1, 3]}, {'CONV': [64, 7]}, {'POOLAVG': [-1, 3]}, {'FLATTEN': None}, {'DENSE': [128, 'relu']}, {'DENSE': [10, 'softmax']}]",L_MODIFY_PARAMS,TPC,GA,S,8,0.693199992,0.905478537,29846654,38.19021964,285386,[],[],[],-1,-1,-1
MO-OP(1),TRUE,"[1, 0, 0, 1, 0, 1, 1, 1, 2, 3, -1, 1, 5, 4, 0, 5, 0, 3]","[{'INP': 32}, {'CONV': [32, 3]}, {'CONV': [32, 5]}, {'CONV': [64, 7]}, {'POOLAVG': [-1, 3]}, {'FLATTEN': None}, {'DENSE': [128, 'relu']}, {'DENSE': [10, 'softmax']}]",L_MODIFY_PARAMS,TPC,GA,S,8,0.715300024,1.012794375,130774494,42.20451522,947562,"[1, 0, 0, 1, 0, 1, 2, -1, 1, 1, 1, 1, 5, 4, 0, 5, 0, 3]","[1, 1, 2, 2, -1, 1, 1, 1, 2, 3, -1, 1, 5, 4, 0, 5, 0, 3]",[],-1,-1,-1
MO-OP(2),TRUE,"[1, 1, 2, 2, -1, 1, 2, -1, 1, 1, 1, 1, 5, 4, 0, 5, 0, 3]","[{'INP': 32}, {'CONV': [64, 7]}, {'CONV': [64, 5]}, {'POOLMAX': [-1, 3]}, {'CONV': [64, 5]}, {'FLATTEN': None}, {'DENSE': [128, 'relu']}, {'DENSE': [10, 'softmax']}]",L_MODIFY_PARAMS,TPC,GA,S,8,0.6602,1.230486035,125649502,44.03748226,1035018,"[1, 0, 0, 1, 0, 1, 2, -1, 1, 1, 1, 1, 5, 4, 0, 5, 0, 3]","[1, 1, 2, 2, -1, 1, 1, 1, 2, 3, -1, 1, 5, 4, 0, 5, 0, 3]",[],-1,-1,-1
DN,FALSE,"[1, 3, 2, 1, 1, 2, 1, 0, 2, 2, -1, 1, 5, 3, 0, 5, 0, 3]","[{'INP': 32}, {'CONV': [256, 7]}, {'CONV': [64, 7]}, {'CONV': [32, 7]}, {'POOLMAX': [-1, 3]}, {'FLATTEN': None}, {'DENSE': [64, 'relu']}, {'DENSE': [10, 'softmax']}]",L_MODIFY_PARAMS,TPC,GA,S,8,0.64230001,1.086481452,963779326,70.72451448,1146666,[],[],[],-1,-1,-1
CL,FALSE,"[1, 0, 2, 3, -1, 0, 1, 2, 0, 1, 1, 2, 5, 5, 0, 5, 0, 3]","[{'INP': 32}, {'CONV': [32, 7]}, {'POOLAVG': [-1, 2]}, {'CONV': [128, 3]}, {'CONV': [64, 7]}, {'FLATTEN': None}, {'DENSE': [256, 'relu']}, {'DENSE': [10, 'softmax']}]",L_MODIFY_PARAMS,TPC,GA,S,8,0.629899979,1.590592146,121268894,43.64736891,4640330,[],[],[],-1,-1,-1
DN-CL(1),TRUE,"[1, 3, 2, 3, -1, 0, 1, 0, 2, 2, -1, 1, 5, 3, 0, 5, 0, 3]","[{'INP': 32}, {'CONV': [256, 7]}, {'POOLAVG': [-1, 2]}, {'CONV': [32, 7]}, {'POOLMAX': [-1, 3]}, {'FLATTEN': None}, {'DENSE': [64, 'relu']}, {'DENSE': [10, 'softmax']}]",L_MODIFY_PARAMS,TPC,GA,S,8,0.640299976,1.055618286,141617358,43.43818879,491242,"[1, 3, 2, 1, 1, 2, 1, 0, 2, 2, -1, 1, 5, 3, 0, 5, 0, 3]","[1, 0, 2, 3, -1, 0, 1, 2, 0, 1, 1, 2, 5, 5, 0, 5, 0, 3]",[],-1,-1,-1
DN-CL(2),TRUE,"[1, 0, 2, 1, 1, 2, 1, 2, 0, 1, 1, 2, 5, 5, 0, 5, 0, 3]","[{'INP': 32}, {'CONV': [32, 7]}, {'CONV': [64, 7]}, {'CONV': [128, 3]}, {'CONV': [64, 7]}, {'FLATTEN': None}, {'DENSE': [256, 'relu']}, {'DENSE': [10, 'softmax']}]",L_MODIFY_PARAMS,TPC,GA,S,8,0.100000001,2.302641153,611043998,64.72553492,17360522,"[1, 3, 2, 1, 1, 2, 1, 0, 2, 2, -1, 1, 5, 3, 0, 5, 0, 3]","[1, 0, 2, 3, -1, 0, 1, 2, 0, 1, 1, 2, 5, 5, 0, 5, 0, 3]",[],-1,-1,-1
LC-MO(1)[M],TRUE,"[1, 0, 0, 1, 1, 1, 1, 0, 0, 2, -1, 1, 5, 3, 0, 5, 0, 3]","[{'INP': 32}, {'CONV': [32, 3]}, {'CONV': [64, 5]}, {'CONV': [32, 3]}, {'POOLMAX': [-1, 3]}, {'FLATTEN': None}, {'DENSE': [64, 'relu']}, {'DENSE': [10, 'softmax']}]",L_MODIFY_PARAMS,TPC,GA,S,8,0.694299996,0.954876781,72473342,41.6561172,276138,"[1, 0, 0, 1, 1, 1, 1, 0, 2, 2, -1, 1, 5, 3, 0, 5, 0, 3]","[1, 0, 0, 1, 0, 1, 2, -1, 1, 1, 1, 1, 5, 4, 0, 5, 0, 3]","[1, 0, 0, 1, 1, 1, 2, -1, 1, 2, -1, 1, 5, 3, 0, 5, 0, 3]",1,7,3
LC-MO(2)[M],TRUE,"[1, 0, 0, 1, 1, 1, 1, 0, 2, 1, 1, 1, 5, 5, 0, 5, 0, 3]","[{'INP': 32}, {'CONV': [32, 3]}, {'CONV': [64, 5]}, {'CONV': [32, 7]}, {'CONV': [64, 5]}, {'FLATTEN': None}, {'DENSE': [256, 'relu']}, {'DENSE': [10, 'softmax']}]",L_MODIFY_PARAMS,TPC,GA,S,8,0.591000021,2.691465139,225381022,52.22490239,16983850,"[1, 0, 0, 1, 1, 1, 1, 0, 2, 2, -1, 1, 5, 3, 0, 5, 0, 3]","[1, 0, 0, 1, 0, 1, 2, -1, 1, 1, 1, 1, 5, 4, 0, 5, 0, 3]","[1, 0, 0, 1, 0, 1, 1, 0, 2, 1, 1, 1, 5, 4, 0, 5, 0, 3]",3,5,2
MO-OP(1)[M],TRUE,"[1, 0, 0, 1, 0, 1, 1, 1, 2, 3, -1, 1, 5, 5, 0, 5, 0, 3]","[{'INP': 32}, {'CONV': [32, 3]}, {'CONV': [32, 5]}, {'CONV': [64, 7]}, {'POOLAVG': [-1, 3]}, {'FLATTEN': None}, {'DENSE': [256, 'relu']}, {'DENSE': [10, 'softmax']}]",L_MODIFY_PARAMS,TPC,GA,S,8,0.695800006,1.586918116,131595038,42.77127934,1768170,"[1, 0, 0, 1, 0, 1, 2, -1, 1, 1, 1, 1, 5, 4, 0, 5, 0, 3]","[1, 1, 2, 2, -1, 1, 1, 1, 2, 3, -1, 1, 5, 4, 0, 5, 0, 3]","[1, 0, 0, 1, 0, 1, 1, 1, 2, 3, -1, 1, 5, 4, 0, 5, 0, 3]",6,5,1
MO-OP(2)[M],TRUE,"[1, 1, 2, 1, 1, 1, 2, -1, 1, 1, 1, 1, 5, 5, 0, 5, 0, 3]","[{'INP': 32}, {'CONV': [64, 7]}, {'CONV': [64, 5]}, {'POOLMAX': [-1, 3]}, {'CONV': [64, 5]}, {'FLATTEN': None}, {'DENSE': [256, 'relu']}, {'DENSE': [10, 'softmax']}]",L_MODIFY_PARAMS,TPC,GA,S,8,0.672200024,1.55477035,126470046,42.26010227,1855626,"[1, 0, 0, 1, 0, 1, 2, -1, 1, 1, 1, 1, 5, 4, 0, 5, 0, 3]","[1, 1, 2, 2, -1, 1, 1, 1, 2, 3, -1, 1, 5, 4, 0, 5, 0, 3]","[1, 1, 2, 2, -1, 1, 2, -1, 1, 1, 1, 1, 5, 4, 0, 5, 0, 3]",4,8,3
DN-CL(1)[M],TRUE,"[1, 3, 2, 3, -1, 0, 1, 0, 2, 2, -1, 0, 5, 3, 0, 5, 0, 3]","[{'INP': 32}, {'CONV': [256, 7]}, {'POOLAVG': [-1, 2]}, {'CONV': [32, 7]}, {'POOLMAX': [-1, 2]}, {'FLATTEN': None}, {'DENSE': [64, 'relu']}, {'DENSE': [10, 'softmax']}]",L_MODIFY_PARAMS,TPC,GA,S,8,0.630999982,1.073333144,141697726,41.9601202,571114,"[1, 3, 2, 1, 1, 2, 1, 0, 2, 2, -1, 1, 5, 3, 0, 5, 0, 3]","[1, 0, 2, 3, -1, 0, 1, 2, 0, 1, 1, 2, 5, 5, 0, 5, 0, 3]","[1, 3, 2, 3, -1, 0, 1, 0, 2, 2, -1, 1, 5, 3, 0, 5, 0, 3]",4,7,1
DN-CL(2)[M],TRUE,"[1, 0, 2, 1, 1, 2, 1, 2, 0, 1, 1, 2, 5, 5, 0, 5, 0, 3]","[{'INP': 32}, {'CONV': [32, 7]}, {'CONV': [64, 7]}, {'CONV': [128, 3]}, {'CONV': [64, 7]}, {'FLATTEN': None}, {'DENSE': [256, 'relu']}, {'DENSE': [10, 'softmax']}]",L_MODIFY_PARAMS,TPC,GA,S,8,0.100000001,2.302623987,611043998,63.64949822,17360522,"[1, 3, 2, 1, 1, 2, 1, 0, 2, 2, -1, 1, 5, 3, 0, 5, 0, 3]","[1, 0, 2, 3, -1, 0, 1, 2, 0, 1, 1, 2, 5, 5, 0, 5, 0, 3]","[1, 0, 2, 1, 1, 2, 1, 2, 0, 1, 1, 2, 5, 5, 0, 5, 0, 3]",7,3,0
LC-MO(2)[M],FALSE,"[1, 0, 0, 1, 1, 1, 1, 0, 2, 1, 1, 1, 5, 5, 0, 5, 0, 3]","[{'INP': 32}, {'CONV': [32, 3]}, {'CONV': [64, 5]}, {'CONV': [32, 7]}, {'CONV': [64, 5]}, {'FLATTEN': None}, {'DENSE': [256, 'relu']}, {'DENSE': [10, 'softmax']}]",L_MODIFY_PARAMS,TPC,GA,S,8,0.627499998,2.189970493,225381022,51.85445356,16983850,[],[],[],3,5,2
DN-CL(2)[M],FALSE,"[1, 0, 2, 1, 1, 2, 1, 2, 0, 1, 1, 2, 5, 5, 0, 5, 0, 3]","[{'INP': 32}, {'CONV': [32, 7]}, {'CONV': [64, 7]}, {'CONV': [128, 3]}, {'CONV': [64, 7]}, {'FLATTEN': None}, {'DENSE': [256, 'relu']}, {'DENSE': [10, 'softmax']}]",L_MODIFY_PARAMS,TPC,GA,S,8,0.533200026,2.292239904,611043998,64.33519888,17360522,[],[],[],7,3,0
LC-MO(2)[M]-DN-CL(2)[M](1),TRUE,"[1, 0, 0, 1, 1, 2, 1, 2, 0, 1, 1, 2, 5, 5, 0, 5, 0, 3]","[{'INP': 32}, {'CONV': [32, 3]}, {'CONV': [64, 7]}, {'CONV': [128, 3]}, {'CONV': [64, 7]}, {'FLATTEN': None}, {'DENSE': [256, 'relu']}, {'DENSE': [10, 'softmax']}]",L_MODIFY_PARAMS,TPC,GA,S,8,0.100000001,2.302602291,607111838,63.8200202,17356682,"[1, 0, 0, 1, 1, 1, 1, 0, 2, 1, 1, 1, 5, 5, 0, 5, 0, 3]","[1, 0, 2, 1, 1, 2, 1, 2, 0, 1, 1, 2, 5, 5, 0, 5, 0, 3]",[],-1,-1,-1
LC-MO(2)[M]-DN-CL(2)[M](2),TRUE,"[1, 0, 2, 1, 1, 1, 1, 0, 2, 1, 1, 1, 5, 5, 0, 5, 0, 3]","[{'INP': 32}, {'CONV': [32, 7]}, {'CONV': [64, 5]}, {'CONV': [32, 7]}, {'CONV': [64, 5]}, {'FLATTEN': None}, {'DENSE': [256, 'relu']}, {'DENSE': [10, 'softmax']}]",L_MODIFY_PARAMS,TPC,GA,S,8,0.560000002,2.980888844,229313182,52.45854044,16987690,"[1, 0, 0, 1, 1, 1, 1, 0, 2, 1, 1, 1, 5, 5, 0, 5, 0, 3]","[1, 0, 2, 1, 1, 2, 1, 2, 0, 1, 1, 2, 5, 5, 0, 5, 0, 3]",[],-1,-1,-1
DN-CL(2)[M],FALSE,"[1, 0, 2, 1, 1, 2, 1, 2, 0, 1, 1, 2, 5, 5, 0, 5, 0, 3]","[{'INP': 32}, {'CONV': [32, 7]}, {'CONV': [64, 7]}, {'CONV': [128, 3]}, {'CONV': [64, 7]}, {'FLATTEN': None}, {'DENSE': [256, 'relu']}, {'DENSE': [10, 'softmax']}]",L_MODIFY_PARAMS,TPC,GA,S,8,0.541599989,1.348909378,611043998,64.44970107,17360522,[],[],[],7,3,0
LC-MO(2)[M],FALSE,"[1, 0, 0, 1, 1, 1, 1, 0, 2, 1, 1, 1, 5, 5, 0, 5, 0, 3]","[{'INP': 32}, {'CONV': [32, 3]}, {'CONV': [64, 5]}, {'CONV': [32, 7]}, {'CONV': [64, 5]}, {'FLATTEN': None}, {'DENSE': [256, 'relu']}, {'DENSE': [10, 'softmax']}]",L_MODIFY_PARAMS,TPC,GA,S,8,0.632600009,2.591799498,225381022,52.60240364,16983850,[],[],[],3,5,2
DN-CL(2)[M]-LC-MO(2)[M](1),TRUE,"[1, 0, 2, 1, 1, 2, 1, 0, 2, 1, 1, 2, 5, 5, 0, 5, 0, 3]","[{'INP': 32}, {'CONV': [32, 7]}, {'CONV': [64, 7]}, {'CONV': [32, 7]}, {'CONV': [64, 7]}, {'FLATTEN': None}, {'DENSE': [256, 'relu']}, {'DENSE': [10, 'softmax']}]",L_MODIFY_PARAMS,TPC,GA,S,8,0.519299984,3.17300868,329976478,56.97792053,17085994,"[1, 0, 2, 1, 1, 2, 1, 2, 0, 1, 1, 2, 5, 5, 0, 5, 0, 3]","[1, 0, 0, 1, 1, 1, 1, 0, 2, 1, 1, 1, 5, 5, 0, 5, 0, 3]",[],-1,-1,-1
DN-CL(2)[M]-LC-MO(2)[M](2),TRUE,"[1, 0, 0, 1, 1, 1, 1, 2, 0, 1, 1, 1, 5, 5, 0, 5, 0, 3]","[{'INP': 32}, {'CONV': [32, 3]}, {'CONV': [64, 5]}, {'CONV': [128, 3]}, {'CONV': [64, 5]}, {'FLATTEN': None}, {'DENSE': [256, 'relu']}, {'DENSE': [10, 'softmax']}]",L_MODIFY_PARAMS,TPC,GA,S,8,0.100000001,2.302666187,355453598,56.17780852,17110922,"[1, 0, 2, 1, 1, 2, 1, 2, 0, 1, 1, 2, 5, 5, 0, 5, 0, 3]","[1, 0, 0, 1, 1, 1, 1, 0, 2, 1, 1, 1, 5, 5, 0, 5, 0, 3]",[],-1,-1,-1
LC-MO(2)[M],FALSE,"[1, 0, 0, 1, 1, 1, 1, 0, 2, 1, 1, 1, 5, 5, 0, 5, 0, 3]","[{'INP': 32}, {'CONV': [32, 3]}, {'CONV': [64, 5]}, {'CONV': [32, 7]}, {'CONV': [64, 5]}, {'FLATTEN': None}, {'DENSE': [256, 'relu']}, {'DENSE': [10, 'softmax']}]",L_MODIFY_PARAMS,TPC,GA,S,8,0.629199982,2.479177952,225381022,52.90290356,16983850,[],[],[],3,5,2
LC-MO(1)[M],FALSE,"[1, 0, 0, 1, 1, 1, 1, 0, 0, 2, -1, 1, 5, 3, 0, 5, 0, 3]","[{'INP': 32}, {'CONV': [32, 3]}, {'CONV': [64, 5]}, {'CONV': [32, 3]}, {'POOLMAX': [-1, 3]}, {'FLATTEN': None}, {'DENSE': [64, 'relu']}, {'DENSE': [10, 'softmax']}]",L_MODIFY_PARAMS,TPC,GA,S,8,0.681699991,0.963407695,72473342,42.64044952,276138,[],[],[],1,7,3
LC-MO(2)[M]-LC-MO(1)[M](1),TRUE,"[1, 0, 0, 1, 1, 1, 1, 0, 0, 2, -1, 1, 5, 5, 0, 5, 0, 3]","[{'INP': 32}, {'CONV': [32, 3]}, {'CONV': [64, 5]}, {'CONV': [32, 3]}, {'POOLMAX': [-1, 3]}, {'FLATTEN': None}, {'DENSE': [256, 'relu']}, {'DENSE': [10, 'softmax']}]",L_MODIFY_PARAMS,TPC,GA,S,8,0.69599998,1.361136794,73089758,42.26204967,892650,"[1, 0, 0, 1, 1, 1, 1, 0, 2, 1, 1, 1, 5, 5, 0, 5, 0, 3]","[1, 0, 0, 1, 1, 1, 1, 0, 0, 2, -1, 1, 5, 3, 0, 5, 0, 3]",[],-1,-1,-1
LC-MO(2)[M]-LC-MO(1)[M](2),TRUE,"[1, 0, 0, 1, 1, 1, 1, 0, 2, 1, 1, 1, 5, 3, 0, 5, 0, 3]","[{'INP': 32}, {'CONV': [32, 3]}, {'CONV': [64, 5]}, {'CONV': [32, 7]}, {'CONV': [64, 5]}, {'FLATTEN': None}, {'DENSE': [64, 'relu']}, {'DENSE': [10, 'softmax']}]",L_MODIFY_PARAMS,TPC,GA,S,8,0.630299985,2.273916245,212796094,47.41541958,4398826,"[1, 0, 0, 1, 1, 1, 1, 0, 2, 1, 1, 1, 5, 5, 0, 5, 0, 3]","[1, 0, 0, 1, 1, 1, 1, 0, 0, 2, -1, 1, 5, 3, 0, 5, 0, 3]",[],-1,-1,-1
LC-MO(2)[M]-DN-CL(2)[M](1)[M],TRUE,"[1, 0, 0, 1, 1, 2, 1, 2, 1, 1, 1, 2, 5, 5, 0, 5, 0, 3]","[{'INP': 32}, {'CONV': [32, 3]}, {'CONV': [64, 7]}, {'CONV': [128, 5]}, {'CONV': [64, 7]}, {'FLATTEN': None}, {'DENSE': [256, 'relu']}, {'DENSE': [10, 'softmax']}]",L_MODIFY_PARAMS,TPC,GA,S,8,0.613099992,1.805575013,741329566,68.82066512,17487754,"[1, 0, 0, 1, 1, 1, 1, 0, 2, 1, 1, 1, 5, 5, 0, 5, 0, 3]","[1, 0, 2, 1, 1, 2, 1, 2, 0, 1, 1, 2, 5, 5, 0, 5, 0, 3]","[1, 0, 0, 1, 1, 2, 1, 2, 0, 1, 1, 2, 5, 5, 0, 5, 0, 3]",4,2,1
LC-MO(2)[M]-DN-CL(2)[M](2)[M],TRUE,"[1, 0, 2, 1, 1, 1, 1, 0, 2, 1, 1, 1, 5, 5, 0, 5, 0, 3]","[{'INP': 32}, {'CONV': [32, 7]}, {'CONV': [64, 5]}, {'CONV': [32, 7]}, {'CONV': [64, 5]}, {'FLATTEN': None}, {'DENSE': [256, 'relu']}, {'DENSE': [10, 'softmax']}]",L_MODIFY_PARAMS,TPC,GA,S,8,0.545400023,3.297781229,229313182,53.30801415,16987690,"[1, 0, 0, 1, 1, 1, 1, 0, 2, 1, 1, 1, 5, 5, 0, 5, 0, 3]","[1, 0, 2, 1, 1, 2, 1, 2, 0, 1, 1, 2, 5, 5, 0, 5, 0, 3]","[1, 0, 2, 1, 1, 1, 1, 0, 2, 1, 1, 1, 5, 5, 0, 5, 0, 3]",1,4,0
DN-CL(2)[M]-LC-MO(2)[M](1)[M],TRUE,"[1, 0, 2, 1, 1, 2, 1, 0, 2, 1, 1, 2, 5, 5, 0, 5, 0, 3]","[{'INP': 32}, {'CONV': [32, 7]}, {'CONV': [64, 7]}, {'CONV': [32, 7]}, {'CONV': [64, 7]}, {'FLATTEN': None}, {'DENSE': [256, 'relu']}, {'DENSE': [10, 'softmax']}]",L_MODIFY_PARAMS,TPC,GA,S,8,0.528299987,3.166173935,329976478,56.98419213,17085994,"[1, 0, 2, 1, 1, 2, 1, 2, 0, 1, 1, 2, 5, 5, 0, 5, 0, 3]","[1, 0, 0, 1, 1, 1, 1, 0, 2, 1, 1, 1, 5, 5, 0, 5, 0, 3]","[1, 0, 2, 1, 1, 2, 1, 0, 2, 1, 1, 2, 5, 5, 0, 5, 0, 3]",2,3,0
DN-CL(2)[M]-LC-MO(2)[M](2)[M],TRUE,"[1, 0, 0, 1, 1, 1, 1, 2, 0, 1, 1, 1, 5, 5, 0, 5, 0, 3]","[{'INP': 32}, {'CONV': [32, 3]}, {'CONV': [64, 5]}, {'CONV': [128, 3]}, {'CONV': [64, 5]}, {'FLATTEN': None}, {'DENSE': [256, 'relu']}, {'DENSE': [10, 'softmax']}]",L_MODIFY_PARAMS,TPC,GA,S,8,0.624300003,2.653271437,355453598,55.09899187,17110922,"[1, 0, 2, 1, 1, 2, 1, 2, 0, 1, 1, 2, 5, 5, 0, 5, 0, 3]","[1, 0, 0, 1, 1, 1, 1, 0, 2, 1, 1, 1, 5, 5, 0, 5, 0, 3]","[1, 0, 0, 1, 1, 1, 1, 2, 0, 1, 1, 1, 5, 5, 0, 5, 0, 3]",3,2,0
LC-MO(2)[M]-LC-MO(1)[M](1)[M],TRUE,"[1, 0, 0, 1, 2, 1, 1, 0, 0, 2, -1, 1, 5, 5, 0, 5, 0, 3]","[{'INP': 32}, {'CONV': [32, 3]}, {'CONV': [128, 5]}, {'CONV': [32, 3]}, {'POOLMAX': [-1, 3]}, {'FLATTEN': None}, {'DENSE': [256, 'relu']}, {'DENSE': [10, 'softmax']}]",L_MODIFY_PARAMS,TPC,GA,S,8,0.689599991,1.290975451,144425694,41.86321187,962346,"[1, 0, 0, 1, 1, 1, 1, 0, 2, 1, 1, 1, 5, 5, 0, 5, 0, 3]","[1, 0, 0, 1, 1, 1, 1, 0, 0, 2, -1, 1, 5, 3, 0, 5, 0, 3]","[1, 0, 0, 1, 1, 1, 1, 0, 0, 2, -1, 1, 5, 5, 0, 5, 0, 3]",4,2,1
LC-MO(2)[M]-LC-MO(1)[M](2)[M],TRUE,"[1, 0, 0, 1, 1, 1, 1, 0, 2, 1, 1, 1, 5, 3, 0, 5, 0, 3]","[{'INP': 32}, {'CONV': [32, 3]}, {'CONV': [64, 5]}, {'CONV': [32, 7]}, {'CONV': [64, 5]}, {'FLATTEN': None}, {'DENSE': [64, 'relu']}, {'DENSE': [10, 'softmax']}]",L_MODIFY_PARAMS,TPC,GA,S,8,0.602199972,2.552994967,212796094,46.88658595,4398826,"[1, 0, 0, 1, 1, 1, 1, 0, 2, 1, 1, 1, 5, 5, 0, 5, 0, 3]","[1, 0, 0, 1, 1, 1, 1, 0, 0, 2, -1, 1, 5, 3, 0, 5, 0, 3]","[1, 0, 0, 1, 1, 1, 1, 0, 2, 1, 1, 1, 5, 3, 0, 5, 0, 3]",1,3,0
LC,FALSE,"[1, 0, 0, 1, 1, 1, 1, 0, 2, 2, -1, 1, 5, 3, 0, 5, 0, 3]","[{'INP': 32}, {'CONV': [32, 3]}, {'CONV': [64, 5]}, {'CONV': [32, 7]}, {'POOLMAX': [-1, 3]}, {'FLATTEN': None}, {'DENSE': [64, 'relu']}, {'DENSE': [10, 'softmax']}]",L_CHANGE_TYPE,TPC,GA,S,8,0.703800023,0.979790807,156359422,42.25154281,358058,[],[],[],-1,-1,-1
MO,FALSE,"[1, 0, 0, 1, 0, 1, 2, -1, 1, 1, 1, 1, 5, 4, 0, 5, 0, 3]","[{'INP': 32}, {'CONV': [32, 3]}, {'CONV': [32, 5]}, {'POOLMAX': [-1, 3]}, {'CONV': [64, 5]}, {'FLATTEN': None}, {'DENSE': [128, 'relu']}, {'DENSE': [10, 'softmax']}]",L_CHANGE_TYPE,TPC,GA,S,8,0.717999995,1.225806952,33090078,42.61433363,898410,[],[],[],-1,-1,-1
LC-MO(1),TRUE,"[1, 0, 0, 1, 1, 1, 2, -1, 1, 2, -1, 1, 5, 3, 0, 5, 0, 3]","[{'INP': 32}, {'CONV': [32, 3]}, {'CONV': [64, 5]}, {'CONV': [32, 3]}, {'POOLMAX': [-1, 3]}, {'FLATTEN': None}, {'DENSE': [64, 'relu']}, {'DENSE': [10, 'softmax']}]",L_CHANGE_TYPE,TPC,GA,S,8,0.699999988,0.984759986,72473342,41.441329,276138,"[1, 0, 0, 1, 1, 1, 1, 0, 2, 2, -1, 1, 5, 3, 0, 5, 0, 3]","[1, 0, 0, 1, 0, 1, 2, -1, 1, 1, 1, 1, 5, 4, 0, 5, 0, 3]",[],-1,-1,-1
LC-MO(2),TRUE,"[1, 0, 0, 1, 0, 1, 1, 0, 2, 1, 1, 1, 5, 4, 0, 5, 0, 3]","[{'INP': 32}, {'CONV': [32, 3]}, {'CONV': [32, 5]}, {'CONV': [32, 7]}, {'CONV': [64, 5]}, {'FLATTEN': None}, {'DENSE': [128, 'relu']}, {'DENSE': [10, 'softmax']}]",L_CHANGE_TYPE,TPC,GA,S,8,0.613900006,2.119391441,139380062,46.55238366,8518026,"[1, 0, 0, 1, 1, 1, 1, 0, 2, 2, -1, 1, 5, 3, 0, 5, 0, 3]","[1, 0, 0, 1, 0, 1, 2, -1, 1, 1, 1, 1, 5, 4, 0, 5, 0, 3]",[],-1,-1,-1
MO,FALSE,"[1, 0, 0, 1, 0, 1, 2, -1, 1, 1, 1, 1, 5, 4, 0, 5, 0, 3]","[{'INP': 32}, {'CONV': [32, 3]}, {'CONV': [32, 5]}, {'POOLMAX': [-1, 3]}, {'CONV': [64, 5]}, {'FLATTEN': None}, {'DENSE': [128, 'relu']}, {'DENSE': [10, 'softmax']}]",L_CHANGE_TYPE,TPC,GA,S,8,0.718299985,1.196337938,33090078,41.42914104,898410,[],[],[],-1,-1,-1
OP,FALSE,"[1, 1, 2, 2, -1, 1, 1, 1, 2, 3, -1, 1, 5, 4, 0, 5, 0, 3]","[{'INP': 32}, {'CONV': [64, 7]}, {'POOLMAX': [-1, 3]}, {'CONV': [64, 7]}, {'POOLAVG': [-1, 3]}, {'FLATTEN': None}, {'DENSE': [128, 'relu']}, {'DENSE': [10, 'softmax']}]",L_CHANGE_TYPE,TPC,GA,S,8,0.707400024,0.863157511,29846654,38.76709604,285386,[],[],[],-1,-1,-1
MO-OP(1),TRUE,"[1, 0, 0, 1, 0, 1, 1, 1, 2, 3, -1, 1, 5, 4, 0, 5, 0, 3]","[{'INP': 32}, {'CONV': [32, 3]}, {'CONV': [32, 5]}, {'CONV': [64, 7]}, {'POOLAVG': [-1, 3]}, {'FLATTEN': None}, {'DENSE': [128, 'relu']}, {'DENSE': [10, 'softmax']}]",L_CHANGE_TYPE,TPC,GA,S,8,0.700100005,1.155604124,130774494,41.83350563,947562,"[1, 0, 0, 1, 0, 1, 2, -1, 1, 1, 1, 1, 5, 4, 0, 5, 0, 3]","[1, 1, 2, 2, -1, 1, 1, 1, 2, 3, -1, 1, 5, 4, 0, 5, 0, 3]",[],-1,-1,-1
MO-OP(2),TRUE,"[1, 1, 2, 2, -1, 1, 2, -1, 1, 1, 1, 1, 5, 4, 0, 5, 0, 3]","[{'INP': 32}, {'CONV': [64, 7]}, {'CONV': [64, 5]}, {'POOLMAX': [-1, 3]}, {'CONV': [64, 5]}, {'FLATTEN': None}, {'DENSE': [128, 'relu']}, {'DENSE': [10, 'softmax']}]",L_CHANGE_TYPE,TPC,GA,S,8,0.679099977,1.23664403,125649502,41.82163668,1035018,"[1, 0, 0, 1, 0, 1, 2, -1, 1, 1, 1, 1, 5, 4, 0, 5, 0, 3]","[1, 1, 2, 2, -1, 1, 1, 1, 2, 3, -1, 1, 5, 4, 0, 5, 0, 3]",[],-1,-1,-1
DN,FALSE,"[1, 3, 2, 1, 1, 2, 1, 0, 2, 2, -1, 1, 5, 3, 0, 5, 0, 3]","[{'INP': 32}, {'CONV': [256, 7]}, {'CONV': [64, 7]}, {'CONV': [32, 7]}, {'POOLMAX': [-1, 3]}, {'FLATTEN': None}, {'DENSE': [64, 'relu']}, {'DENSE': [10, 'softmax']}]",L_CHANGE_TYPE,TPC,GA,S,8,0.626999974,1.082937479,963779326,70.18682241,1146666,[],[],[],-1,-1,-1
CL,FALSE,"[1, 0, 2, 3, -1, 0, 1, 2, 0, 1, 1, 2, 5, 5, 0, 5, 0, 3]","[{'INP': 32}, {'CONV': [32, 7]}, {'POOLAVG': [-1, 2]}, {'CONV': [128, 3]}, {'CONV': [64, 7]}, {'FLATTEN': None}, {'DENSE': [256, 'relu']}, {'DENSE': [10, 'softmax']}]",L_CHANGE_TYPE,TPC,GA,S,8,0.619000018,1.667527676,121268894,42.68091822,4640330,[],[],[],-1,-1,-1
DN-CL(1),TRUE,"[1, 3, 2, 3, -1, 0, 1, 0, 2, 2, -1, 1, 5, 3, 0, 5, 0, 3]","[{'INP': 32}, {'CONV': [256, 7]}, {'POOLAVG': [-1, 2]}, {'CONV': [32, 7]}, {'POOLMAX': [-1, 3]}, {'FLATTEN': None}, {'DENSE': [64, 'relu']}, {'DENSE': [10, 'softmax']}]",L_CHANGE_TYPE,TPC,GA,S,8,0.61619997,1.105059624,141617358,42.81222177,491242,"[1, 3, 2, 1, 1, 2, 1, 0, 2, 2, -1, 1, 5, 3, 0, 5, 0, 3]","[1, 0, 2, 3, -1, 0, 1, 2, 0, 1, 1, 2, 5, 5, 0, 5, 0, 3]",[],-1,-1,-1
DN-CL(2),TRUE,"[1, 0, 2, 1, 1, 2, 1, 2, 0, 1, 1, 2, 5, 5, 0, 5, 0, 3]","[{'INP': 32}, {'CONV': [32, 7]}, {'CONV': [64, 7]}, {'CONV': [128, 3]}, {'CONV': [64, 7]}, {'FLATTEN': None}, {'DENSE': [256, 'relu']}, {'DENSE': [10, 'softmax']}]",L_CHANGE_TYPE,TPC,GA,S,8,0.100000001,2.302603245,611043998,65.8623538,17360522,"[1, 3, 2, 1, 1, 2, 1, 0, 2, 2, -1, 1, 5, 3, 0, 5, 0, 3]","[1, 0, 2, 3, -1, 0, 1, 2, 0, 1, 1, 2, 5, 5, 0, 5, 0, 3]",[],-1,-1,-1
LC-MO(1)[M],TRUE,"[1, 0, 0, 1, 1, 1, 1, 0, 0, 2, -1, 1, 5, 3, 0, 5, 0, 3]","[{'INP': 32}, {'CONV': [32, 3]}, {'CONV': [64, 5]}, {'CONV': [32, 3]}, {'POOLMAX': [-1, 3]}, {'FLATTEN': None}, {'DENSE': [64, 'relu']}, {'DENSE': [10, 'softmax']}]",L_CHANGE_TYPE,TPC,GA,S,8,0.676900029,1.010935307,72473342,43.02291536,276138,"[1, 0, 0, 1, 1, 1, 1, 0, 2, 2, -1, 1, 5, 3, 0, 5, 0, 3]","[1, 0, 0, 1, 0, 1, 2, -1, 1, 1, 1, 1, 5, 4, 0, 5, 0, 3]","[1, 0, 0, 1, 1, 1, 2, -1, 1, 2, -1, 1, 5, 3, 0, 5, 0, 3]",1,7,3
LC-MO(2)[M],TRUE,"[3, -1, 1, 3, -1, 0, 1, 0, 2, 1, 1, 1, 5, 4, 0, 5, 0, 3]","[{'INP': 32}, {'CONV': [256, 7]}, {'POOLAVG': [-1, 2]}, {'CONV': [32, 7]}, {'CONV': [64, 5]}, {'FLATTEN': None}, {'DENSE': [128, 'relu']}, {'DENSE': [10, 'softmax']}]",L_CHANGE_TYPE,TPC,GA,S,8,0.567300022,1.425948739,156775774,47.27099371,2589162,"[1, 0, 0, 1, 1, 1, 1, 0, 2, 2, -1, 1, 5, 3, 0, 5, 0, 3]","[1, 0, 0, 1, 0, 1, 2, -1, 1, 1, 1, 1, 5, 4, 0, 5, 0, 3]","[1, 0, 0, 1, 0, 1, 1, 0, 2, 1, 1, 1, 5, 4, 0, 5, 0, 3]",9,9,6
MO-OP(1)[M],TRUE,"[2, -1, 0, 1, 0, 1, 1, 1, 2, 1, 0, 1, 5, 4, 0, 5, 0, 3]","[{'INP': 32}, {'POOLMAX': [-1, 2]}, {'CONV': [32, 5]}, {'CONV': [64, 7]}, {'CONV': [32, 5]}, {'FLATTEN': None}, {'DENSE': [128, 'relu']}, {'DENSE': [10, 'softmax']}]",L_CHANGE_TYPE,TPC,GA,S,8,0.573400021,1.507102013,40479582,42.75179386,1204074,"[1, 0, 0, 1, 0, 1, 2, -1, 1, 1, 1, 1, 5, 4, 0, 5, 0, 3]","[1, 1, 2, 2, -1, 1, 1, 1, 2, 3, -1, 1, 5, 4, 0, 5, 0, 3]","[1, 0, 0, 1, 0, 1, 1, 1, 2, 3, -1, 1, 5, 4, 0, 5, 0, 3]",6,7,4
MO-OP(2)[M],TRUE,"[1, 1, 2, 1, 1, 1, 2, -1, 1, 3, -1, 0, 5, 4, 0, 5, 0, 3]","[{'INP': 32}, {'CONV': [64, 7]}, {'CONV': [64, 5]}, {'CONV': [64, 3]}, {'POOLAVG': [-1, 2]}, {'FLATTEN': None}, {'DENSE': [128, 'relu']}, {'DENSE': [10, 'softmax']}]",L_CHANGE_TYPE,TPC,GA,S,8,0.640100002,1.368625879,154469726,43.81937957,2247434,"[1, 0, 0, 1, 0, 1, 2, -1, 1, 1, 1, 1, 5, 4, 0, 5, 0, 3]","[1, 1, 2, 2, -1, 1, 1, 1, 2, 3, -1, 1, 5, 4, 0, 5, 0, 3]","[1, 1, 2, 2, -1, 1, 2, -1, 1, 1, 1, 1, 5, 4, 0, 5, 0, 3]",6,6,5
DN-CL(1)[M],TRUE,"[3, -1, 1, 3, -1, 0, 1, 0, 2, 2, -1, 1, 5, 3, 0, 5, 0, 3]","[{'INP': 32}, {'CONV': [128, 3]}, {'POOLAVG': [-1, 2]}, {'CONV': [32, 7]}, {'POOLMAX': [-1, 3]}, {'FLATTEN': None}, {'DENSE': [64, 'relu']}, {'DENSE': [10, 'softmax']}]",L_CHANGE_TYPE,TPC,GA,S,8,0.672599971,0.943909287,55109838,39.02112961,256234,"[1, 3, 2, 1, 1, 2, 1, 0, 2, 2, -1, 1, 5, 3, 0, 5, 0, 3]","[1, 0, 2, 3, -1, 0, 1, 2, 0, 1, 1, 2, 5, 5, 0, 5, 0, 3]","[1, 3, 2, 3, -1, 0, 1, 0, 2, 2, -1, 1, 5, 3, 0, 5, 0, 3]",6,9,3
DN-CL(2)[M],TRUE,"[1, 0, 2, 1, 1, 2, 1, 2, 0, 1, 1, 2, 5, 5, 0, 5, 0, 3]","[{'INP': 32}, {'CONV': [32, 7]}, {'CONV': [64, 7]}, {'CONV': [128, 3]}, {'CONV': [64, 7]}, {'FLATTEN': None}, {'DENSE': [256, 'relu']}, {'DENSE': [10, 'softmax']}]",L_CHANGE_TYPE,TPC,GA,S,8,0.562600017,2.273486853,611043998,64.55254507,17360522,"[1, 3, 2, 1, 1, 2, 1, 0, 2, 2, -1, 1, 5, 3, 0, 5, 0, 3]","[1, 0, 2, 3, -1, 0, 1, 2, 0, 1, 1, 2, 5, 5, 0, 5, 0, 3]","[1, 0, 2, 1, 1, 2, 1, 2, 0, 1, 1, 2, 5, 5, 0, 5, 0, 3]",7,3,0
LC-MO(2)[M],FALSE,"[3, -1, 1, 3, -1, 0, 1, 0, 2, 1, 1, 1, 5, 4, 0, 5, 0, 3]","[{'INP': 32}, {'CONV': [256, 7]}, {'POOLAVG': [-1, 2]}, {'CONV': [32, 7]}, {'CONV': [64, 5]}, {'FLATTEN': None}, {'DENSE': [128, 'relu']}, {'DENSE': [10, 'softmax']}]",L_CHANGE_TYPE,TPC,GA,S,8,0.574899971,1.59443748,156775774,46.76348853,2589162,[],[],[],9,9,6
DN-CL(2)[M],FALSE,"[1, 0, 2, 1, 1, 2, 1, 2, 0, 1, 1, 2, 5, 5, 0, 5, 0, 3]","[{'INP': 32}, {'CONV': [32, 7]}, {'CONV': [64, 7]}, {'CONV': [128, 3]}, {'CONV': [64, 7]}, {'FLATTEN': None}, {'DENSE': [256, 'relu']}, {'DENSE': [10, 'softmax']}]",L_CHANGE_TYPE,TPC,GA,S,8,0.100000001,2.302612782,611043998,64.51382136,17360522,[],[],[],7,3,0
LC-MO(2)[M]-DN-CL(2)[M](1),TRUE,"[1, 3, 2, 1, 1, 2, 1, 2, 0, 1, 1, 1, 5, 4, 0, 5, 0, 3]","[{'INP': 32}, {'CONV': [256, 7]}, {'CONV': [64, 7]}, {'CONV': [128, 3]}, {'CONV': [64, 5]}, {'FLATTEN': None}, {'DENSE': [128, 'relu']}, {'DENSE': [10, 'softmax']}]",L_CHANGE_TYPE,TPC,GA,S,8,0.100000001,2.302628279,1154483550,80.47238135,9509514,"[3, -1, 1, 3, -1, 0, 1, 0, 2, 1, 1, 1, 5, 4, 0, 5, 0, 3]","[1, 0, 2, 1, 1, 2, 1, 2, 0, 1, 1, 2, 5, 5, 0, 5, 0, 3]",[],-1,-1,-1
LC-MO(2)[M]-DN-CL(2)[M](2),TRUE,"[1, 0, 2, 3, -1, 0, 1, 0, 2, 1, 1, 2, 5, 5, 0, 5, 0, 3]","[{'INP': 32}, {'CONV': [32, 7]}, {'POOLAVG': [-1, 2]}, {'CONV': [32, 7]}, {'CONV': [64, 7]}, {'FLATTEN': None}, {'DENSE': [256, 'relu']}, {'DENSE': [10, 'softmax']}]",L_CHANGE_TYPE,TPC,GA,S,8,0.565900028,2.387682438,47594142,43.23551607,4352490,"[3, -1, 1, 3, -1, 0, 1, 0, 2, 1, 1, 1, 5, 4, 0, 5, 0, 3]","[1, 0, 2, 1, 1, 2, 1, 2, 0, 1, 1, 2, 5, 5, 0, 5, 0, 3]",[],-1,-1,-1
LC-MO(2)[M],FALSE,"[3, -1, 1, 3, -1, 0, 1, 0, 2, 1, 1, 1, 5, 4, 0, 5, 0, 3]","[{'INP': 32}, {'CONV': [256, 7]}, {'POOLAVG': [-1, 2]}, {'CONV': [32, 7]}, {'CONV': [64, 5]}, {'FLATTEN': None}, {'DENSE': [128, 'relu']}, {'DENSE': [10, 'softmax']}]",L_CHANGE_TYPE,TPC,GA,S,8,0.100000001,2.302642822,156775774,46.25024176,2589162,[],[],[],9,9,6
DN-CL(2)[M],FALSE,"[1, 0, 2, 1, 1, 2, 1, 2, 0, 1, 1, 2, 5, 5, 0, 5, 0, 3]","[{'INP': 32}, {'CONV': [32, 7]}, {'CONV': [64, 7]}, {'CONV': [128, 3]}, {'CONV': [64, 7]}, {'FLATTEN': None}, {'DENSE': [256, 'relu']}, {'DENSE': [10, 'softmax']}]",L_CHANGE_TYPE,TPC,GA,S,8,0.100000001,2.302641392,611043998,64.46648812,17360522,[],[],[],7,3,0
LC-MO(2)[M]-DN-CL(2)[M](1),TRUE,"[1, 3, 2, 3, -1, 0, 1, 0, 2, 1, 1, 2, 5, 4, 0, 5, 0, 3]","[{'INP': 32}, {'CONV': [256, 7]}, {'POOLAVG': [-1, 2]}, {'CONV': [32, 7]}, {'CONV': [64, 7]}, {'FLATTEN': None}, {'DENSE': [128, 'relu']}, {'DENSE': [10, 'softmax']}]",L_CHANGE_TYPE,TPC,GA,S,8,0.543900013,1.770472884,169358686,47.15933442,2638314,"[3, -1, 1, 3, -1, 0, 1, 0, 2, 1, 1, 1, 5, 4, 0, 5, 0, 3]","[1, 0, 2, 1, 1, 2, 1, 2, 0, 1, 1, 2, 5, 5, 0, 5, 0, 3]",[],-1,-1,-1
LC-MO(2)[M]-DN-CL(2)[M](2),TRUE,"[1, 0, 2, 1, 1, 2, 1, 2, 0, 1, 1, 1, 5, 5, 0, 5, 0, 3]","[{'INP': 32}, {'CONV': [32, 7]}, {'CONV': [64, 7]}, {'CONV': [128, 3]}, {'CONV': [64, 5]}, {'FLATTEN': None}, {'DENSE': [256, 'relu']}, {'DENSE': [10, 'softmax']}]",L_CHANGE_TYPE,TPC,GA,S,8,0.100000001,2.302649736,409717406,57.56393218,17163914,"[3, -1, 1, 3, -1, 0, 1, 0, 2, 1, 1, 1, 5, 4, 0, 5, 0, 3]","[1, 0, 2, 1, 1, 2, 1, 2, 0, 1, 1, 2, 5, 5, 0, 5, 0, 3]",[],-1,-1,-1
LC-MO(1)[M],FALSE,"[1, 0, 0, 1, 1, 1, 1, 0, 0, 2, -1, 1, 5, 3, 0, 5, 0, 3]","[{'INP': 32}, {'CONV': [32, 3]}, {'CONV': [64, 5]}, {'CONV': [32, 3]}, {'POOLMAX': [-1, 3]}, {'FLATTEN': None}, {'DENSE': [64, 'relu']}, {'DENSE': [10, 'softmax']}]",L_CHANGE_TYPE,TPC,GA,S,8,0.695800006,0.981968939,72473342,41.46872735,276138,[],[],[],1,7,3
MO-OP(2)[M],FALSE,"[1, 1, 2, 1, 1, 1, 2, -1, 1, 3, -1, 0, 5, 4, 0, 5, 0, 3]","[{'INP': 32}, {'CONV': [64, 7]}, {'CONV': [64, 5]}, {'CONV': [64, 3]}, {'POOLAVG': [-1, 2]}, {'FLATTEN': None}, {'DENSE': [128, 'relu']}, {'DENSE': [10, 'softmax']}]",L_CHANGE_TYPE,TPC,GA,S,8,0.636500001,1.770545363,154469726,42.51742363,2247434,[],[],[],6,6,5
LC-MO(1)[M]-MO-OP(2)[M](1),TRUE,"[1, 0, 0, 1, 1, 1, 1, 0, 0, 2, -1, 1, 5, 3, 0, 5, 0, 3]","[{'INP': 32}, {'CONV': [32, 3]}, {'CONV': [64, 5]}, {'CONV': [32, 3]}, {'POOLMAX': [-1, 3]}, {'FLATTEN': None}, {'DENSE': [64, 'relu']}, {'DENSE': [10, 'softmax']}]",L_CHANGE_TYPE,TPC,GA,S,8,0.701900005,0.931377709,72473342,40.79265833,276138,"[1, 0, 0, 1, 1, 1, 1, 0, 0, 2, -1, 1, 5, 3, 0, 5, 0, 3]","[1, 1, 2, 1, 1, 1, 2, -1, 1, 3, -1, 0, 5, 4, 0, 5, 0, 3]",[],-1,-1,-1
LC-MO(1)[M]-MO-OP(2)[M](2),TRUE,"[1, 1, 2, 1, 1, 1, 1, 1, 0, 3, -1, 0, 5, 4, 0, 5, 0, 3]","[{'INP': 32}, {'CONV': [64, 7]}, {'CONV': [64, 5]}, {'CONV': [64, 3]}, {'POOLAVG': [-1, 2]}, {'FLATTEN': None}, {'DENSE': [128, 'relu']}, {'DENSE': [10, 'softmax']}]",L_CHANGE_TYPE,TPC,GA,S,8,0.622699976,1.779817343,154469726,42.07648683,2247434,"[1, 0, 0, 1, 1, 1, 1, 0, 0, 2, -1, 1, 5, 3, 0, 5, 0, 3]","[1, 1, 2, 1, 1, 1, 2, -1, 1, 3, -1, 0, 5, 4, 0, 5, 0, 3]",[],-1,-1,-1
LC-MO(2)[M]-DN-CL(2)[M](1)[M],TRUE,"[1, 3, 2, 1, 1, 2, 3, -1, 1, 3, -1, 1, 5, 4, 0, 5, 0, 3]","[{'INP': 32}, {'CONV': [256, 7]}, {'CONV': [64, 7]}, {'CONV': [256, 5]}, {'POOLAVG': [-1, 3]}, {'FLATTEN': None}, {'DENSE': [128, 'relu']}, {'DENSE': [10, 'softmax']}]",L_CHANGE_TYPE,TPC,GA,S,8,0.638899982,1.422491193,1283737438,79.12525749,4528842,"[3, -1, 1, 3, -1, 0, 1, 0, 2, 1, 1, 1, 5, 4, 0, 5, 0, 3]","[1, 0, 2, 1, 1, 2, 1, 2, 0, 1, 1, 2, 5, 5, 0, 5, 0, 3]","[1, 3, 2, 1, 1, 2, 1, 2, 0, 1, 1, 1, 5, 4, 0, 5, 0, 3]",11,8,5
LC-MO(2)[M]-DN-CL(2)[M](2)[M],TRUE,"[1, 0, 2, 3, -1, 0, 1, 0, 2, 1, 1, 2, 5, 5, 0, 5, 0, 3]","[{'INP': 32}, {'CONV': [32, 7]}, {'POOLAVG': [-1, 2]}, {'CONV': [32, 7]}, {'CONV': [64, 7]}, {'FLATTEN': None}, {'DENSE': [256, 'relu']}, {'DENSE': [10, 'softmax']}]",L_CHANGE_TYPE,TPC,GA,S,8,0.576300025,2.154834032,47594142,43.45454407,4352490,"[3, -1, 1, 3, -1, 0, 1, 0, 2, 1, 1, 1, 5, 4, 0, 5, 0, 3]","[1, 0, 2, 1, 1, 2, 1, 2, 0, 1, 1, 2, 5, 5, 0, 5, 0, 3]","[1, 0, 2, 3, -1, 0, 1, 0, 2, 1, 1, 2, 5, 5, 0, 5, 0, 3]",5,5,0
LC-MO(2)[M]-DN-CL(2)[M](1)[M],TRUE,"[1, 3, 2, 3, -1, 0, 1, 0, 2, 1, 1, 2, 5, 4, 0, 5, 0, 3]","[{'INP': 32}, {'CONV': [256, 7]}, {'POOLAVG': [-1, 2]}, {'CONV': [32, 7]}, {'CONV': [64, 7]}, {'FLATTEN': None}, {'DENSE': [128, 'relu']}, {'DENSE': [10, 'softmax']}]",L_CHANGE_TYPE,TPC,GA,S,8,0.100000001,2.302615404,169358686,47.12039566,2638314,"[3, -1, 1, 3, -1, 0, 1, 0, 2, 1, 1, 1, 5, 4, 0, 5, 0, 3]","[1, 0, 2, 1, 1, 2, 1, 2, 0, 1, 1, 2, 5, 5, 0, 5, 0, 3]","[1, 3, 2, 3, -1, 0, 1, 0, 2, 1, 1, 2, 5, 4, 0, 5, 0, 3]",4,7,0
LC-MO(2)[M]-DN-CL(2)[M](2)[M],TRUE,"[1, 0, 2, 1, 1, 2, 3, -1, 0, 1, 1, 1, 5, 5, 0, 5, 0, 3]","[{'INP': 32}, {'CONV': [32, 7]}, {'CONV': [64, 7]}, {'POOLAVG': [-1, 2]}, {'CONV': [64, 5]}, {'FLATTEN': None}, {'DENSE': [256, 'relu']}, {'DENSE': [10, 'softmax']}]",L_CHANGE_TYPE,TPC,GA,S,8,0.629000008,2.066793442,138078878,43.33044934,4404746,"[3, -1, 1, 3, -1, 0, 1, 0, 2, 1, 1, 1, 5, 4, 0, 5, 0, 3]","[1, 0, 2, 1, 1, 2, 1, 2, 0, 1, 1, 2, 5, 5, 0, 5, 0, 3]","[1, 0, 2, 1, 1, 2, 1, 2, 0, 1, 1, 1, 5, 5, 0, 5, 0, 3]",10,3,2
LC-MO(1)[M]-MO-OP(2)[M](1)[M],TRUE,"[1, 0, 0, 1, 1, 1, 1, 0, 0, 2, -1, 1, 5, 3, 0, 5, 0, 3]","[{'INP': 32}, {'CONV': [32, 3]}, {'CONV': [64, 5]}, {'CONV': [32, 3]}, {'POOLMAX': [-1, 3]}, {'FLATTEN': None}, {'DENSE': [64, 'relu']}, {'DENSE': [10, 'softmax']}]",L_CHANGE_TYPE,TPC,GA,S,8,0.700200021,0.937183619,72473342,40.98821044,276138,"[1, 0, 0, 1, 1, 1, 1, 0, 0, 2, -1, 1, 5, 3, 0, 5, 0, 3]","[1, 1, 2, 1, 1, 1, 2, -1, 1, 3, -1, 0, 5, 4, 0, 5, 0, 3]","[1, 0, 0, 1, 1, 1, 1, 0, 0, 2, -1, 1, 5, 3, 0, 5, 0, 3]",0,8,0
LC-MO(1)[M]-MO-OP(2)[M](2)[M],TRUE,"[2, -1, 0, 1, 1, 1, 1, 1, 0, 3, -1, 0, 5, 4, 0, 5, 0, 3]","[{'INP': 32}, {'POOLMAX': [-1, 2]}, {'CONV': [64, 5]}, {'CONV': [64, 3]}, {'POOLAVG': [-1, 2]}, {'FLATTEN': None}, {'DENSE': [128, 'relu']}, {'DENSE': [10, 'softmax']}]",L_CHANGE_TYPE,TPC,GA,S,8,0.631099999,1.106243491,11217758,37.14446902,567498,"[1, 0, 0, 1, 1, 1, 1, 0, 0, 2, -1, 1, 5, 3, 0, 5, 0, 3]","[1, 1, 2, 1, 1, 1, 2, -1, 1, 3, -1, 0, 5, 4, 0, 5, 0, 3]","[1, 1, 2, 1, 1, 1, 1, 1, 0, 3, -1, 0, 5, 4, 0, 5, 0, 3]",6,6,3
