ID,isChild,Integer_encoding,Genotype,Mutation type,Crossover type,Search strategy,Type,Epochs,Accuracy,Loss,FLOPs,CPU Hours,Number of Parameters,Parent1,Parent2,Before Mutation,HD_P1,HD_P2,HD_BM
TK,FALSE,"[1, 0, 1, 1, 1, 2, 2, -1, 0, 1, 1, 2, 1, 0, 2, 5, 3, 0, 5, 0, 3]","[{'INP': 32}, {'CONV': [64, 5]}, {'CONV': [128, 7]}, {'POOLMAX': [-1, 2]}, {'CONV': [128, 7]}, {'CONV': [64, 7]}, {'FLATTEN': None}, {'DENSE': [64, 'relu']}, {'DENSE': [10, 'softmax']}]",L_CHANGE_TYPE,TPC,GA,S,8,0.695100009,1.074355483,725476030,0.016637583,2660106,[],[],[],-1,-1,-1
LR,FALSE,"[1, 1, 0, 1, 1, 0, 1, 0, 1, 2, -1, 0, 1, 2, 1, 5, 5, 0, 5, 0, 3]","[{'INP': 32}, {'CONV': [128, 3]}, {'CONV': [128, 3]}, {'CONV': [64, 5]}, {'POOLMAX': [-1, 2]}, {'CONV': [256, 5]}, {'FLATTEN': None}, {'DENSE': [256, 'relu']}, {'DENSE': [10, 'softmax']}]",L_CHANGE_TYPE,TPC,GA,S,8,0.683099985,1.886722445,486115998,0.016552329,17545930,[],[],[],-1,-1,-1
TK-LR(1),TRUE,"[1, 0, 1, 1, 1, 0, 2, -1, 0, 1, 1, 2, 1, 0, 2, 5, 3, 0, 5, 0, 3]","[{'INP': 32}, {'CONV': [64, 5]}, {'CONV': [128, 3]}, {'POOLMAX': [-1, 2]}, {'CONV': [128, 7]}, {'CONV': [64, 7]}, {'FLATTEN': None}, {'DENSE': [64, 'relu']}, {'DENSE': [10, 'softmax']}]",L_CHANGE_TYPE,TPC,GA,S,8,0.691500008,1.186517835,389931710,0.014472931,2332426,"[1, 0, 1, 1, 1, 2, 2, -1, 0, 1, 1, 2, 1, 0, 2, 5, 3, 0, 5, 0, 3]","[1, 1, 0, 1, 1, 0, 1, 0, 1, 2, -1, 0, 1, 2, 1, 5, 5, 0, 5, 0, 3]",[],-1,-1,-1
TK-LR(2),TRUE,"[1, 1, 0, 1, 1, 2, 1, 0, 1, 2, -1, 0, 1, 2, 1, 5, 5, 0, 5, 0, 3]","[{'INP': 32}, {'CONV': [128, 3]}, {'CONV': [128, 7]}, {'CONV': [64, 5]}, {'POOLMAX': [-1, 2]}, {'CONV': [256, 5]}, {'FLATTEN': None}, {'DENSE': [256, 'relu']}, {'DENSE': [10, 'softmax']}]",L_CHANGE_TYPE,TPC,GA,S,8,0.597500026,2.498707771,1157204638,0.021166986,18201290,"[1, 0, 1, 1, 1, 2, 2, -1, 0, 1, 1, 2, 1, 0, 2, 5, 3, 0, 5, 0, 3]","[1, 1, 0, 1, 1, 0, 1, 0, 1, 2, -1, 0, 1, 2, 1, 5, 5, 0, 5, 0, 3]",[],-1,-1,-1
SL,FALSE,"[1, 2, 2, 1, 2, 0, 1, 1, 2, 3, -1, 0, 1, 2, 1, 5, 2, 0, 5, 0, 3]","[{'INP': 32}, {'CONV': [256, 7]}, {'CONV': [256, 3]}, {'CONV': [128, 7]}, {'POOLAVG': [-1, 2]}, {'CONV': [256, 5]}, {'FLATTEN': None}, {'DENSE': [32, 'relu']}, {'DENSE': [10, 'softmax']}]",L_CHANGE_TYPE,TPC,GA,S,8,0.654699981,1.140266657,2498920814,0.029236916,5150698,[],[],[],-1,-1,-1
A,FALSE,"[1, 2, 1, 1, 1, 2, 1, 0, 1, 1, 0, 2, 2, -1, 1, 5, 1, 0, 5, 0, 3]","[{'INP': 32}, {'CONV': [256, 5]}, {'CONV': [128, 7]}, {'CONV': [64, 5]}, {'CONV': [64, 7]}, {'POOLMAX': [-1, 3]}, {'FLATTEN': None}, {'DENSE': [16, 'relu']}, {'DENSE': [10, 'softmax']}]",L_CHANGE_TYPE,TPC,GA,S,8,0.100000001,2.30260849,2079457606,0.026349982,2133434,[],[],[],-1,-1,-1
SL-A(1),TRUE,"[1, 2, 2, 1, 1, 2, 1, 1, 2, 3, -1, 0, 1, 2, 1, 5, 2, 0, 5, 0, 3]","[{'INP': 32}, {'CONV': [256, 7]}, {'CONV': [128, 7]}, {'CONV': [128, 7]}, {'POOLAVG': [-1, 2]}, {'CONV': [256, 5]}, {'FLATTEN': None}, {'DENSE': [32, 'relu']}, {'DENSE': [10, 'softmax']}]",L_CHANGE_TYPE,TPC,GA,S,8,0.605499983,1.476838231,2716959086,0.030281405,5363562,"[1, 2, 2, 1, 2, 0, 1, 1, 2, 3, -1, 0, 1, 2, 1, 5, 2, 0, 5, 0, 3]","[1, 2, 1, 1, 1, 2, 1, 0, 1, 1, 0, 2, 2, -1, 1, 5, 1, 0, 5, 0, 3]",[],-1,-1,-1
SL-A(2),TRUE,"[1, 2, 1, 1, 2, 0, 1, 0, 1, 1, 0, 2, 2, -1, 1, 5, 1, 0, 5, 0, 3]","[{'INP': 32}, {'CONV': [256, 5]}, {'CONV': [256, 3]}, {'CONV': [64, 5]}, {'CONV': [64, 7]}, {'POOLMAX': [-1, 3]}, {'FLATTEN': None}, {'DENSE': [16, 'relu']}, {'DENSE': [10, 'softmax']}]",L_CHANGE_TYPE,TPC,GA,S,8,0.100000001,2.30259943,1249050950,0.021432509,1322554,"[1, 2, 2, 1, 2, 0, 1, 1, 2, 3, -1, 0, 1, 2, 1, 5, 2, 0, 5, 0, 3]","[1, 2, 1, 1, 1, 2, 1, 0, 1, 1, 0, 2, 2, -1, 1, 5, 1, 0, 5, 0, 3]",[],-1,-1,-1
TK,FALSE,"[1, 0, 1, 1, 1, 2, 2, -1, 0, 1, 1, 2, 1, 0, 2, 5, 3, 0, 5, 0, 3]","[{'INP': 32}, {'CONV': [64, 5]}, {'CONV': [128, 7]}, {'POOLMAX': [-1, 2]}, {'CONV': [128, 7]}, {'CONV': [64, 7]}, {'FLATTEN': None}, {'DENSE': [64, 'relu']}, {'DENSE': [10, 'softmax']}]",L_CHANGE_TYPE,TPC,GA,S,8,0.67900002,1.138014913,725476030,0.016527452,2660106,[],[],[],-1,-1,-1
A,FALSE,"[1, 2, 1, 1, 1, 2, 1, 0, 1, 1, 0, 2, 2, -1, 1, 5, 1, 0, 5, 0, 3]","[{'INP': 32}, {'CONV': [256, 5]}, {'CONV': [128, 7]}, {'CONV': [64, 5]}, {'CONV': [64, 7]}, {'POOLMAX': [-1, 3]}, {'FLATTEN': None}, {'DENSE': [16, 'relu']}, {'DENSE': [10, 'softmax']}]",L_CHANGE_TYPE,TPC,GA,S,8,0.100000001,2.302644491,2079457606,0.026103976,2133434,[],[],[],-1,-1,-1
TK-A(1),TRUE,"[1, 0, 1, 1, 1, 2, 1, 0, 1, 1, 1, 2, 1, 0, 2, 5, 3, 0, 5, 0, 3]","[{'INP': 32}, {'CONV': [64, 5]}, {'CONV': [128, 7]}, {'CONV': [64, 5]}, {'CONV': [128, 7]}, {'CONV': [64, 7]}, {'FLATTEN': None}, {'DENSE': [64, 'relu']}, {'DENSE': [10, 'softmax']}]",L_CHANGE_TYPE,TPC,GA,S,8,0.100000001,2.302615643,1452180158,0.023870787,5609290,"[1, 0, 1, 1, 1, 2, 2, -1, 0, 1, 1, 2, 1, 0, 2, 5, 3, 0, 5, 0, 3]","[1, 2, 1, 1, 1, 2, 1, 0, 1, 1, 0, 2, 2, -1, 1, 5, 1, 0, 5, 0, 3]",[],-1,-1,-1
TK-A(2),TRUE,"[1, 2, 1, 1, 1, 2, 2, -1, 0, 1, 0, 2, 2, -1, 1, 5, 1, 0, 5, 0, 3]","[{'INP': 32}, {'CONV': [256, 5]}, {'CONV': [128, 7]}, {'POOLMAX': [-1, 2]}, {'CONV': [64, 7]}, {'POOLMAX': [-1, 3]}, {'FLATTEN': None}, {'DENSE': [16, 'relu']}, {'DENSE': [10, 'softmax']}]",L_CHANGE_TYPE,TPC,GA,S,8,0.665600002,1.03200686,1766891750,0.022812457,2052474,"[1, 0, 1, 1, 1, 2, 2, -1, 0, 1, 1, 2, 1, 0, 2, 5, 3, 0, 5, 0, 3]","[1, 2, 1, 1, 1, 2, 1, 0, 1, 1, 0, 2, 2, -1, 1, 5, 1, 0, 5, 0, 3]",[],-1,-1,-1
TK,FALSE,"[1, 0, 1, 1, 1, 2, 2, -1, 0, 1, 1, 2, 1, 0, 2, 5, 3, 0, 5, 0, 3]","[{'INP': 32}, {'CONV': [64, 5]}, {'CONV': [128, 7]}, {'POOLMAX': [-1, 2]}, {'CONV': [128, 7]}, {'CONV': [64, 7]}, {'FLATTEN': None}, {'DENSE': [64, 'relu']}, {'DENSE': [10, 'softmax']}]",L_CHANGE_TYPE,TPC,GA,S,8,0.666100025,1.139042139,725476030,0.016429807,2660106,[],[],[],-1,-1,-1
IJ,FALSE,"[1, 1, 1, 1, 2, 1, 1, 1, 1, 1, 1, 2, 3, -1, 1, 5, 3, 0, 5, 0, 3]","[{'INP': 32}, {'CONV': [128, 5]}, {'CONV': [256, 5]}, {'CONV': [128, 5]}, {'CONV': [128, 7]}, {'POOLAVG': [-1, 3]}, {'FLATTEN': None}, {'DENSE': [64, 'relu']}, {'DENSE': [10, 'softmax']}]",L_CHANGE_TYPE,TPC,GA,S,8,0.690699995,0.997923136,2510840766,0.028238135,3271370,[],[],[],-1,-1,-1
TK-IJ(1),TRUE,"[1, 0, 1, 1, 1, 2, 2, -1, 0, 1, 1, 2, 1, 0, 2, 5, 3, 0, 5, 0, 3]","[{'INP': 32}, {'CONV': [64, 5]}, {'CONV': [128, 7]}, {'POOLMAX': [-1, 2]}, {'CONV': [128, 7]}, {'CONV': [64, 7]}, {'FLATTEN': None}, {'DENSE': [64, 'relu']}, {'DENSE': [10, 'softmax']}]",L_CHANGE_TYPE,TPC,GA,S,8,0.626399994,1.260905504,725476030,0.016595224,2660106,"[1, 0, 1, 1, 1, 2, 2, -1, 0, 1, 1, 2, 1, 0, 2, 5, 3, 0, 5, 0, 3]","[1, 1, 1, 1, 2, 1, 1, 1, 1, 1, 1, 2, 3, -1, 1, 5, 3, 0, 5, 0, 3]",[],-1,-1,-1
TK-IJ(2),TRUE,"[1, 1, 1, 1, 2, 1, 1, 1, 1, 1, 1, 2, 3, -1, 1, 5, 3, 0, 5, 0, 3]","[{'INP': 32}, {'CONV': [128, 5]}, {'CONV': [256, 5]}, {'CONV': [128, 5]}, {'CONV': [128, 7]}, {'POOLAVG': [-1, 3]}, {'FLATTEN': None}, {'DENSE': [64, 'relu']}, {'DENSE': [10, 'softmax']}]",L_CHANGE_TYPE,TPC,GA,S,8,0.678900003,1.050892591,2510840766,0.028144437,3271370,"[1, 0, 1, 1, 1, 2, 2, -1, 0, 1, 1, 2, 1, 0, 2, 5, 3, 0, 5, 0, 3]","[1, 1, 1, 1, 2, 1, 1, 1, 1, 1, 1, 2, 3, -1, 1, 5, 3, 0, 5, 0, 3]",[],-1,-1,-1
TK-LR(1)[M],TRUE,"[1, 0, 1, 1, 1, 0, 2, -1, 0, 1, 1, 2, 1, 0, 2, 5, 3, 0, 5, 0, 3]","[{'INP': 32}, {'CONV': [64, 5]}, {'CONV': [128, 3]}, {'POOLMAX': [-1, 2]}, {'CONV': [128, 7]}, {'CONV': [64, 7]}, {'FLATTEN': None}, {'DENSE': [64, 'relu']}, {'DENSE': [10, 'softmax']}]",L_CHANGE_TYPE,TPC,GA,S,8,0.699299991,1.142964602,389931710,0.014112905,2332426,"[1, 0, 1, 1, 1, 2, 2, -1, 0, 1, 1, 2, 1, 0, 2, 5, 3, 0, 5, 0, 3]","[1, 1, 0, 1, 1, 0, 1, 0, 1, 2, -1, 0, 1, 2, 1, 5, 5, 0, 5, 0, 3]","[1, 0, 1, 1, 1, 0, 2, -1, 0, 1, 1, 2, 1, 0, 2, 5, 3, 0, 5, 0, 3]",1,11,0
TK-LR(2)[M],TRUE,"[1, 1, 0, 1, 1, 2, 1, 0, 1, 2, -1, 0, 1, 2, 1, 5, 5, 0, 5, 0, 3]","[{'INP': 32}, {'CONV': [128, 3]}, {'CONV': [128, 7]}, {'CONV': [64, 5]}, {'POOLMAX': [-1, 2]}, {'CONV': [256, 5]}, {'FLATTEN': None}, {'DENSE': [256, 'relu']}, {'DENSE': [10, 'softmax']}]",L_CHANGE_TYPE,TPC,GA,S,8,0.643400013,2.136121511,1157204638,0.021099375,18201290,"[1, 0, 1, 1, 1, 2, 2, -1, 0, 1, 1, 2, 1, 0, 2, 5, 3, 0, 5, 0, 3]","[1, 1, 0, 1, 1, 0, 1, 0, 1, 2, -1, 0, 1, 2, 1, 5, 5, 0, 5, 0, 3]","[1, 1, 0, 1, 1, 2, 1, 0, 1, 2, -1, 0, 1, 2, 1, 5, 5, 0, 5, 0, 3]",11,1,0
SL-A(1)[M],TRUE,"[2, -1, 1, 1, 1, 2, 2, -1, 0, 3, -1, 0, 1, 2, 1, 5, 2, 0, 5, 0, 3]","[{'INP': 32}, {'POOLMAX': [-1, 3]}, {'CONV': [128, 7]}, {'CONV': [128, 7]}, {'POOLAVG': [-1, 2]}, {'CONV': [256, 5]}, {'FLATTEN': None}, {'DENSE': [32, 'relu']}, {'DENSE': [10, 'softmax']}]",L_CHANGE_TYPE,TPC,GA,S,8,0.53549999,1.374457121,102872116,0.011764404,1846506,"[1, 2, 2, 1, 2, 0, 1, 1, 2, 3, -1, 0, 1, 2, 1, 5, 2, 0, 5, 0, 3]","[1, 2, 1, 1, 1, 2, 1, 0, 1, 1, 0, 2, 2, -1, 1, 5, 1, 0, 5, 0, 3]","[1, 2, 2, 1, 1, 2, 1, 1, 2, 3, -1, 0, 1, 2, 1, 5, 2, 0, 5, 0, 3]",8,11,6
SL-A(2)[M],TRUE,"[1, 2, 1, 1, 2, 0, 1, 0, 1, 2, -1, 1, 2, -1, 1, 5, 1, 0, 5, 0, 3]","[{'INP': 32}, {'CONV': [256, 5]}, {'CONV': [256, 3]}, {'CONV': [64, 5]}, {'CONV': [64, 7]}, {'POOLMAX': [-1, 3]}, {'FLATTEN': None}, {'DENSE': [16, 'relu']}, {'DENSE': [10, 'softmax']}]",L_CHANGE_TYPE,TPC,GA,S,8,0.100000001,2.302659512,1249050950,0.021274388,1322554,"[1, 2, 2, 1, 2, 0, 1, 1, 2, 3, -1, 0, 1, 2, 1, 5, 2, 0, 5, 0, 3]","[1, 2, 1, 1, 1, 2, 1, 0, 1, 1, 0, 2, 2, -1, 1, 5, 1, 0, 5, 0, 3]","[1, 2, 1, 1, 2, 0, 1, 0, 1, 1, 0, 2, 2, -1, 1, 5, 1, 0, 5, 0, 3]",8,5,3
TK-A(1)[M],TRUE,"[1, 0, 1, 1, 1, 2, 3, -1, 0, 1, 1, 2, 1, 0, 2, 5, 3, 0, 5, 0, 3]","[{'INP': 32}, {'CONV': [64, 5]}, {'CONV': [128, 7]}, {'POOLAVG': [-1, 2]}, {'CONV': [128, 7]}, {'CONV': [64, 7]}, {'FLATTEN': None}, {'DENSE': [64, 'relu']}, {'DENSE': [10, 'softmax']}]",L_CHANGE_TYPE,TPC,GA,S,8,0.657500029,1.154164195,725476030,0.016673593,2660106,"[1, 0, 1, 1, 1, 2, 2, -1, 0, 1, 1, 2, 1, 0, 2, 5, 3, 0, 5, 0, 3]","[1, 2, 1, 1, 1, 2, 1, 0, 1, 1, 0, 2, 2, -1, 1, 5, 1, 0, 5, 0, 3]","[1, 0, 1, 1, 1, 2, 1, 0, 1, 1, 1, 2, 1, 0, 2, 5, 3, 0, 5, 0, 3]",1,9,3
TK-A(2)[M],TRUE,"[1, 2, 1, 1, 1, 2, 2, -1, 0, 1, 0, 2, 2, -1, 1, 5, 1, 0, 5, 0, 3]","[{'INP': 32}, {'CONV': [256, 5]}, {'CONV': [128, 7]}, {'POOLMAX': [-1, 2]}, {'CONV': [64, 7]}, {'POOLMAX': [-1, 3]}, {'FLATTEN': None}, {'DENSE': [16, 'relu']}, {'DENSE': [10, 'softmax']}]",L_CHANGE_TYPE,TPC,GA,S,8,0.672999978,1.028510451,1766891750,0.022993406,2052474,"[1, 0, 1, 1, 1, 2, 2, -1, 0, 1, 1, 2, 1, 0, 2, 5, 3, 0, 5, 0, 3]","[1, 2, 1, 1, 1, 2, 1, 0, 1, 1, 0, 2, 2, -1, 1, 5, 1, 0, 5, 0, 3]","[1, 2, 1, 1, 1, 2, 2, -1, 0, 1, 0, 2, 2, -1, 1, 5, 1, 0, 5, 0, 3]",6,3,0
TK-IJ(1)[M],TRUE,"[1, 0, 1, 1, 1, 2, 2, -1, 0, 3, -1, 0, 1, 0, 2, 5, 3, 0, 5, 0, 3]","[{'INP': 32}, {'CONV': [64, 5]}, {'CONV': [128, 7]}, {'CONV': [256, 5]}, {'POOLAVG': [-1, 2]}, {'CONV': [64, 7]}, {'FLATTEN': None}, {'DENSE': [64, 'relu']}, {'DENSE': [10, 'softmax']}]",L_CHANGE_TYPE,TPC,GA,S,8,0.658200026,1.129183054,1461756606,0.022147122,3078026,"[1, 0, 1, 1, 1, 2, 2, -1, 0, 1, 1, 2, 1, 0, 2, 5, 3, 0, 5, 0, 3]","[1, 1, 1, 1, 2, 1, 1, 1, 1, 1, 1, 2, 3, -1, 1, 5, 3, 0, 5, 0, 3]","[1, 0, 1, 1, 1, 2, 2, -1, 0, 1, 1, 2, 1, 0, 2, 5, 3, 0, 5, 0, 3]",3,12,3
TK-IJ(2)[M],TRUE,"[1, 1, 1, 2, -1, 0, 1, 1, 1, 1, 1, 2, 3, -1, 1, 5, 3, 0, 5, 0, 3]","[{'INP': 32}, {'CONV': [128, 5]}, {'POOLMAX': [-1, 2]}, {'CONV': [128, 5]}, {'CONV': [128, 7]}, {'POOLAVG': [-1, 3]}, {'FLATTEN': None}, {'DENSE': [64, 'relu']}, {'DENSE': [10, 'softmax']}]",L_CHANGE_TYPE,TPC,GA,S,8,0.717800021,0.866581559,320592638,0.012614023,1427914,"[1, 0, 1, 1, 1, 2, 2, -1, 0, 1, 1, 2, 1, 0, 2, 5, 3, 0, 5, 0, 3]","[1, 1, 1, 1, 2, 1, 1, 1, 1, 1, 1, 2, 3, -1, 1, 5, 3, 0, 5, 0, 3]","[1, 1, 1, 1, 2, 1, 1, 1, 1, 1, 1, 2, 3, -1, 1, 5, 3, 0, 5, 0, 3]",10,3,3
TK-A(2)[M],FALSE,"[1, 2, 1, 1, 1, 2, 2, -1, 0, 1, 0, 2, 2, -1, 1, 5, 1, 0, 5, 0, 3]","[{'INP': 32}, {'CONV': [256, 5]}, {'CONV': [128, 7]}, {'POOLMAX': [-1, 2]}, {'CONV': [64, 7]}, {'POOLMAX': [-1, 3]}, {'FLATTEN': None}, {'DENSE': [16, 'relu']}, {'DENSE': [10, 'softmax']}]",L_CHANGE_TYPE,TPC,GA,S,8,0.6699,1.001117468,1766891750,0.022885777,2052474,[],[],[],6,3,0
TK-A(1)[M],FALSE,"[1, 0, 1, 1, 1, 2, 3, -1, 0, 1, 1, 2, 1, 0, 2, 5, 3, 0, 5, 0, 3]","[{'INP': 32}, {'CONV': [64, 5]}, {'CONV': [128, 7]}, {'POOLAVG': [-1, 2]}, {'CONV': [128, 7]}, {'CONV': [64, 7]}, {'FLATTEN': None}, {'DENSE': [64, 'relu']}, {'DENSE': [10, 'softmax']}]",L_CHANGE_TYPE,TPC,GA,S,8,0.653400004,1.291943669,725476030,0.016748121,2660106,[],[],[],1,9,3
TK-A(2)[M]-TK-A(1)[M](1),TRUE,"[1, 2, 1, 1, 1, 2, 2, -1, 0, 1, 0, 2, 2, -1, 1, 5, 1, 0, 5, 0, 3]","[{'INP': 32}, {'CONV': [256, 5]}, {'CONV': [128, 7]}, {'POOLMAX': [-1, 2]}, {'CONV': [64, 7]}, {'POOLMAX': [-1, 3]}, {'FLATTEN': None}, {'DENSE': [16, 'relu']}, {'DENSE': [10, 'softmax']}]",L_CHANGE_TYPE,TPC,GA,S,8,0.694000006,0.93088603,1766891750,0.022791589,2052474,"[1, 2, 1, 1, 1, 2, 2, -1, 0, 1, 0, 2, 2, -1, 1, 5, 1, 0, 5, 0, 3]","[1, 0, 1, 1, 1, 2, 3, -1, 0, 1, 1, 2, 1, 0, 2, 5, 3, 0, 5, 0, 3]",[],-1,-1,-1
TK-A(2)[M]-TK-A(1)[M](2),TRUE,"[1, 0, 1, 1, 1, 2, 3, -1, 0, 1, 1, 2, 1, 0, 2, 5, 3, 0, 5, 0, 3]","[{'INP': 32}, {'CONV': [64, 5]}, {'CONV': [128, 7]}, {'POOLAVG': [-1, 2]}, {'CONV': [128, 7]}, {'CONV': [64, 7]}, {'FLATTEN': None}, {'DENSE': [64, 'relu']}, {'DENSE': [10, 'softmax']}]",L_CHANGE_TYPE,TPC,GA,S,8,0.675899982,1.117173195,725476030,0.016555684,2660106,"[1, 2, 1, 1, 1, 2, 2, -1, 0, 1, 0, 2, 2, -1, 1, 5, 1, 0, 5, 0, 3]","[1, 0, 1, 1, 1, 2, 3, -1, 0, 1, 1, 2, 1, 0, 2, 5, 3, 0, 5, 0, 3]",[],-1,-1,-1
TK-LR(2)[M],FALSE,"[1, 1, 0, 1, 1, 2, 1, 0, 1, 2, -1, 0, 1, 2, 1, 5, 5, 0, 5, 0, 3]","[{'INP': 32}, {'CONV': [128, 3]}, {'CONV': [128, 7]}, {'CONV': [64, 5]}, {'POOLMAX': [-1, 2]}, {'CONV': [256, 5]}, {'FLATTEN': None}, {'DENSE': [256, 'relu']}, {'DENSE': [10, 'softmax']}]",L_CHANGE_TYPE,TPC,GA,S,8,0.663399994,1.994644761,1157204638,0.021044179,18201290,[],[],[],11,1,0
TK-A(1)[M],FALSE,"[1, 0, 1, 1, 1, 2, 3, -1, 0, 1, 1, 2, 1, 0, 2, 5, 3, 0, 5, 0, 3]","[{'INP': 32}, {'CONV': [64, 5]}, {'CONV': [128, 7]}, {'POOLAVG': [-1, 2]}, {'CONV': [128, 7]}, {'CONV': [64, 7]}, {'FLATTEN': None}, {'DENSE': [64, 'relu']}, {'DENSE': [10, 'softmax']}]",L_CHANGE_TYPE,TPC,GA,S,8,0.661199987,1.158643603,725476030,0.016476631,2660106,[],[],[],1,9,3
TK-LR(2)[M]-TK-A(1)[M](1),TRUE,"[1, 1, 0, 1, 1, 2, 3, -1, 0, 2, -1, 0, 1, 2, 1, 5, 5, 0, 5, 0, 3]","[{'INP': 32}, {'CONV': [128, 3]}, {'CONV': [128, 7]}, {'CONV': [64, 3]}, {'POOLMAX': [-1, 2]}, {'CONV': [256, 5]}, {'FLATTEN': None}, {'DENSE': [256, 'relu']}, {'DENSE': [10, 'softmax']}]",L_CHANGE_TYPE,TPC,GA,S,8,0.648699999,1.899161339,1022986910,0.020062098,18070218,"[1, 1, 0, 1, 1, 2, 1, 0, 1, 2, -1, 0, 1, 2, 1, 5, 5, 0, 5, 0, 3]","[1, 0, 1, 1, 1, 2, 3, -1, 0, 1, 1, 2, 1, 0, 2, 5, 3, 0, 5, 0, 3]",[],-1,-1,-1
TK-LR(2)[M]-TK-A(1)[M](2),TRUE,"[1, 0, 1, 1, 1, 2, 1, 0, 1, 1, 1, 2, 1, 0, 2, 5, 3, 0, 5, 0, 3]","[{'INP': 32}, {'CONV': [64, 5]}, {'CONV': [128, 7]}, {'CONV': [64, 5]}, {'CONV': [128, 7]}, {'CONV': [64, 7]}, {'FLATTEN': None}, {'DENSE': [64, 'relu']}, {'DENSE': [10, 'softmax']}]",L_CHANGE_TYPE,TPC,GA,S,8,0.583400011,1.463718414,1452180158,0.023882672,5609290,"[1, 1, 0, 1, 1, 2, 1, 0, 1, 2, -1, 0, 1, 2, 1, 5, 5, 0, 5, 0, 3]","[1, 0, 1, 1, 1, 2, 3, -1, 0, 1, 1, 2, 1, 0, 2, 5, 3, 0, 5, 0, 3]",[],-1,-1,-1
SL-A(2)[M],FALSE,"[1, 2, 1, 1, 2, 0, 1, 0, 1, 2, -1, 1, 2, -1, 1, 5, 1, 0, 5, 0, 3]","[{'INP': 32}, {'CONV': [256, 5]}, {'CONV': [256, 3]}, {'CONV': [64, 5]}, {'CONV': [64, 7]}, {'POOLMAX': [-1, 3]}, {'FLATTEN': None}, {'DENSE': [16, 'relu']}, {'DENSE': [10, 'softmax']}]",L_CHANGE_TYPE,TPC,GA,S,8,0.671400011,0.974958122,1249050950,0.021426041,1322554,[],[],[],8,5,3
TK-A(1)[M],FALSE,"[1, 0, 1, 1, 1, 2, 3, -1, 0, 1, 1, 2, 1, 0, 2, 5, 3, 0, 5, 0, 3]","[{'INP': 32}, {'CONV': [64, 5]}, {'CONV': [128, 7]}, {'POOLAVG': [-1, 2]}, {'CONV': [128, 7]}, {'CONV': [64, 7]}, {'FLATTEN': None}, {'DENSE': [64, 'relu']}, {'DENSE': [10, 'softmax']}]",L_CHANGE_TYPE,TPC,GA,S,8,0.657899976,1.174496174,725476030,0.016585888,2660106,[],[],[],1,9,3
SL-A(2)[M]-TK-A(1)[M](1),TRUE,"[1, 2, 1, 1, 1, 2, 1, 0, 1, 1, 0, 2, 2, -1, 1, 5, 1, 0, 5, 0, 3]","[{'INP': 32}, {'CONV': [256, 5]}, {'CONV': [128, 7]}, {'CONV': [64, 5]}, {'CONV': [64, 7]}, {'POOLMAX': [-1, 3]}, {'FLATTEN': None}, {'DENSE': [16, 'relu']}, {'DENSE': [10, 'softmax']}]",L_CHANGE_TYPE,TPC,GA,S,8,0.100000001,2.302615643,2079457606,0.026273308,2133434,"[1, 2, 1, 1, 2, 0, 1, 0, 1, 2, -1, 1, 2, -1, 1, 5, 1, 0, 5, 0, 3]","[1, 0, 1, 1, 1, 2, 3, -1, 0, 1, 1, 2, 1, 0, 2, 5, 3, 0, 5, 0, 3]",[],-1,-1,-1
SL-A(2)[M]-TK-A(1)[M](2),TRUE,"[1, 0, 1, 1, 2, 0, 3, -1, 0, 1, 1, 2, 1, 0, 2, 5, 3, 0, 5, 0, 3]","[{'INP': 32}, {'CONV': [64, 5]}, {'CONV': [256, 3]}, {'POOLAVG': [-1, 2]}, {'CONV': [128, 7]}, {'CONV': [64, 7]}, {'FLATTEN': None}, {'DENSE': [64, 'relu']}, {'DENSE': [10, 'softmax']}]",L_CHANGE_TYPE,TPC,GA,S,8,0.697300017,0.972730458,671081150,0.016940123,3209098,"[1, 2, 1, 1, 2, 0, 1, 0, 1, 2, -1, 1, 2, -1, 1, 5, 1, 0, 5, 0, 3]","[1, 0, 1, 1, 1, 2, 3, -1, 0, 1, 1, 2, 1, 0, 2, 5, 3, 0, 5, 0, 3]",[],-1,-1,-1
SL-A(2)[M],FALSE,"[1, 2, 1, 1, 2, 0, 1, 0, 1, 2, -1, 1, 2, -1, 1, 5, 1, 0, 5, 0, 3]","[{'INP': 32}, {'CONV': [256, 5]}, {'CONV': [256, 3]}, {'CONV': [64, 5]}, {'CONV': [64, 7]}, {'POOLMAX': [-1, 3]}, {'FLATTEN': None}, {'DENSE': [16, 'relu']}, {'DENSE': [10, 'softmax']}]",L_CHANGE_TYPE,TPC,GA,S,8,0.634000003,1.061186314,1249050950,0.021479689,1322554,[],[],[],8,5,3
TK-A(2)[M],FALSE,"[1, 2, 1, 1, 1, 2, 2, -1, 0, 1, 0, 2, 2, -1, 1, 5, 1, 0, 5, 0, 3]","[{'INP': 32}, {'CONV': [256, 5]}, {'CONV': [128, 7]}, {'POOLMAX': [-1, 2]}, {'CONV': [64, 7]}, {'POOLMAX': [-1, 3]}, {'FLATTEN': None}, {'DENSE': [16, 'relu']}, {'DENSE': [10, 'softmax']}]",L_CHANGE_TYPE,TPC,GA,S,8,0.664200008,1.006726861,1766891750,0.02273967,2052474,[],[],[],6,3,0
SL-A(2)[M]-TK-A(2)[M](1),TRUE,"[1, 2, 1, 1, 2, 0, 2, -1, 0, 1, 0, 2, 2, -1, 1, 5, 1, 0, 5, 0, 3]","[{'INP': 32}, {'CONV': [256, 5]}, {'CONV': [256, 3]}, {'POOLMAX': [-1, 2]}, {'CONV': [64, 7]}, {'POOLMAX': [-1, 3]}, {'FLATTEN': None}, {'DENSE': [16, 'relu']}, {'DENSE': [10, 'softmax']}]",L_CHANGE_TYPE,TPC,GA,S,8,0.697399974,0.912157297,829595878,0.017162557,1438202,"[1, 2, 1, 1, 2, 0, 1, 0, 1, 2, -1, 1, 2, -1, 1, 5, 1, 0, 5, 0, 3]","[1, 2, 1, 1, 1, 2, 2, -1, 0, 1, 0, 2, 2, -1, 1, 5, 1, 0, 5, 0, 3]",[],-1,-1,-1
SL-A(2)[M]-TK-A(2)[M](2),TRUE,"[1, 2, 1, 1, 1, 2, 1, 0, 1, 1, 0, 2, 2, -1, 1, 5, 1, 0, 5, 0, 3]","[{'INP': 32}, {'CONV': [256, 5]}, {'CONV': [128, 7]}, {'CONV': [64, 5]}, {'CONV': [64, 7]}, {'POOLMAX': [-1, 3]}, {'FLATTEN': None}, {'DENSE': [16, 'relu']}, {'DENSE': [10, 'softmax']}]",L_CHANGE_TYPE,TPC,GA,S,8,0.100000001,2.302654028,2079457606,0.026124487,2133434,"[1, 2, 1, 1, 2, 0, 1, 0, 1, 2, -1, 1, 2, -1, 1, 5, 1, 0, 5, 0, 3]","[1, 2, 1, 1, 1, 2, 2, -1, 0, 1, 0, 2, 2, -1, 1, 5, 1, 0, 5, 0, 3]",[],-1,-1,-1
TK-A(2)[M]-TK-A(1)[M](1)[M],TRUE,"[1, 2, 1, 3, -1, 1, 3, -1, 1, 1, 0, 2, 2, -1, 1, 5, 1, 0, 5, 0, 3]","[{'INP': 32}, {'CONV': [256, 5]}, {'CONV': [256, 3]}, {'POOLAVG': [-1, 3]}, {'CONV': [64, 7]}, {'POOLMAX': [-1, 3]}, {'FLATTEN': None}, {'DENSE': [16, 'relu']}, {'DENSE': [10, 'softmax']}]",L_CHANGE_TYPE,TPC,GA,S,8,0.691900015,0.926798463,704314726,0.015711407,1421818,"[1, 2, 1, 1, 1, 2, 2, -1, 0, 1, 0, 2, 2, -1, 1, 5, 1, 0, 5, 0, 3]","[1, 0, 1, 1, 1, 2, 3, -1, 0, 1, 1, 2, 1, 0, 2, 5, 3, 0, 5, 0, 3]","[1, 2, 1, 1, 1, 2, 2, -1, 0, 1, 0, 2, 2, -1, 1, 5, 1, 0, 5, 0, 3]",5,10,5
TK-A(2)[M]-TK-A(1)[M](2)[M],TRUE,"[1, 0, 1, 1, 1, 2, 3, -1, 0, 1, 1, 2, 1, 0, 2, 5, 3, 0, 5, 0, 3]","[{'INP': 32}, {'CONV': [64, 5]}, {'CONV': [128, 7]}, {'POOLAVG': [-1, 2]}, {'CONV': [128, 7]}, {'CONV': [64, 7]}, {'FLATTEN': None}, {'DENSE': [64, 'relu']}, {'DENSE': [10, 'softmax']}]",L_CHANGE_TYPE,TPC,GA,S,8,0.679099977,1.138211966,725476030,0.016587008,2660106,"[1, 2, 1, 1, 1, 2, 2, -1, 0, 1, 0, 2, 2, -1, 1, 5, 1, 0, 5, 0, 3]","[1, 0, 1, 1, 1, 2, 3, -1, 0, 1, 1, 2, 1, 0, 2, 5, 3, 0, 5, 0, 3]","[1, 0, 1, 1, 1, 2, 3, -1, 0, 1, 1, 2, 1, 0, 2, 5, 3, 0, 5, 0, 3]",7,0,0
TK-LR(2)[M]-TK-A(1)[M](1)[M],TRUE,"[1, 1, 0, 3, -1, 0, 1, 0, 0, 1, 2, 2, 1, 2, 1, 5, 5, 0, 5, 0, 3]","[{'INP': 32}, {'CONV': [128, 3]}, {'POOLAVG': [-1, 2]}, {'CONV': [64, 3]}, {'CONV': [256, 7]}, {'CONV': [256, 5]}, {'FLATTEN': None}, {'DENSE': [256, 'relu']}, {'DENSE': [10, 'softmax']}]",L_CHANGE_TYPE,TPC,GA,S,8,0.680899978,1.300932646,664349342,0.017894936,19299146,"[1, 1, 0, 1, 1, 2, 1, 0, 1, 2, -1, 0, 1, 2, 1, 5, 5, 0, 5, 0, 3]","[1, 0, 1, 1, 1, 2, 3, -1, 0, 1, 1, 2, 1, 0, 2, 5, 3, 0, 5, 0, 3]","[1, 1, 0, 1, 1, 2, 3, -1, 0, 2, -1, 0, 1, 2, 1, 5, 5, 0, 5, 0, 3]",7,11,8
TK-LR(2)[M]-TK-A(1)[M](2)[M],TRUE,"[1, 0, 1, 2, -1, 0, 1, 0, 1, 2, -1, 0, 1, 0, 2, 5, 3, 0, 5, 0, 3]","[{'INP': 32}, {'CONV': [64, 5]}, {'POOLMAX': [-1, 2]}, {'CONV': [64, 5]}, {'POOLMAX': [-1, 2]}, {'CONV': [64, 7]}, {'FLATTEN': None}, {'DENSE': [64, 'relu']}, {'DENSE': [10, 'softmax']}]",L_CHANGE_TYPE,TPC,GA,S,8,0.6796,1.197035789,44321470,0.012062113,570954,"[1, 1, 0, 1, 1, 2, 1, 0, 1, 2, -1, 0, 1, 2, 1, 5, 5, 0, 5, 0, 3]","[1, 0, 1, 1, 1, 2, 3, -1, 0, 1, 1, 2, 1, 0, 2, 5, 3, 0, 5, 0, 3]","[1, 0, 1, 1, 1, 2, 1, 0, 1, 1, 1, 2, 1, 0, 2, 5, 3, 0, 5, 0, 3]",8,9,6
SL-A(2)[M]-TK-A(1)[M](1)[M],TRUE,"[1, 2, 1, 2, -1, 0, 3, -1, 1, 1, 0, 2, 2, -1, 1, 5, 1, 0, 5, 0, 3]","[{'INP': 32}, {'CONV': [256, 5]}, {'CONV': [256, 3]}, {'POOLAVG': [-1, 3]}, {'CONV': [64, 7]}, {'POOLMAX': [-1, 3]}, {'FLATTEN': None}, {'DENSE': [16, 'relu']}, {'DENSE': [10, 'softmax']}]",L_CHANGE_TYPE,TPC,GA,S,8,0.665199995,0.968553126,704314726,0.015755421,1421818,"[1, 2, 1, 1, 2, 0, 1, 0, 1, 2, -1, 1, 2, -1, 1, 5, 1, 0, 5, 0, 3]","[1, 0, 1, 1, 1, 2, 3, -1, 0, 1, 1, 2, 1, 0, 2, 5, 3, 0, 5, 0, 3]","[1, 2, 1, 1, 1, 2, 1, 0, 1, 1, 0, 2, 2, -1, 1, 5, 1, 0, 5, 0, 3]",7,10,5
SL-A(2)[M]-TK-A(1)[M](2)[M],TRUE,"[1, 0, 1, 1, 2, 0, 3, -1, 0, 1, 1, 2, 1, 0, 2, 5, 3, 0, 5, 0, 3]","[{'INP': 32}, {'CONV': [64, 5]}, {'CONV': [256, 3]}, {'POOLAVG': [-1, 2]}, {'CONV': [128, 7]}, {'CONV': [64, 7]}, {'FLATTEN': None}, {'DENSE': [64, 'relu']}, {'DENSE': [10, 'softmax']}]",L_CHANGE_TYPE,TPC,GA,S,8,0.686200023,1.072932959,671081150,0.017038324,3209098,"[1, 2, 1, 1, 2, 0, 1, 0, 1, 2, -1, 1, 2, -1, 1, 5, 1, 0, 5, 0, 3]","[1, 0, 1, 1, 1, 2, 3, -1, 0, 1, 1, 2, 1, 0, 2, 5, 3, 0, 5, 0, 3]","[1, 0, 1, 1, 2, 0, 3, -1, 0, 1, 1, 2, 1, 0, 2, 5, 3, 0, 5, 0, 3]",11,2,0
SL-A(2)[M]-TK-A(2)[M](1)[M],TRUE,"[1, 2, 1, 3, -1, 1, 1, 2, 2, 2, -1, 0, 2, -1, 1, 5, 1, 0, 5, 0, 3]","[{'INP': 32}, {'CONV': [256, 5]}, {'POOLAVG': [-1, 3]}, {'CONV': [256, 7]}, {'CONV': [64, 3]}, {'POOLMAX': [-1, 3]}, {'FLATTEN': None}, {'DENSE': [16, 'relu']}, {'DENSE': [10, 'softmax']}]",L_CHANGE_TYPE,TPC,GA,S,8,0.676500022,1.011529803,355807078,0.014256078,3387898,"[1, 2, 1, 1, 2, 0, 1, 0, 1, 2, -1, 1, 2, -1, 1, 5, 1, 0, 5, 0, 3]","[1, 2, 1, 1, 1, 2, 2, -1, 0, 1, 0, 2, 2, -1, 1, 5, 1, 0, 5, 0, 3]","[1, 2, 1, 1, 2, 0, 2, -1, 0, 1, 0, 2, 2, -1, 1, 5, 1, 0, 5, 0, 3]",6,9,9
SL-A(2)[M]-TK-A(2)[M](2)[M],TRUE,"[1, 2, 1, 1, 1, 2, 3, -1, 0, 1, 0, 2, 2, -1, 1, 5, 1, 0, 5, 0, 3]","[{'INP': 32}, {'CONV': [256, 5]}, {'CONV': [128, 7]}, {'POOLAVG': [-1, 2]}, {'CONV': [64, 7]}, {'POOLMAX': [-1, 3]}, {'FLATTEN': None}, {'DENSE': [16, 'relu']}, {'DENSE': [10, 'softmax']}]",L_CHANGE_TYPE,TPC,GA,S,8,0.653199971,1.048505902,1766891750,0.022828341,2052474,"[1, 2, 1, 1, 2, 0, 1, 0, 1, 2, -1, 1, 2, -1, 1, 5, 1, 0, 5, 0, 3]","[1, 2, 1, 1, 1, 2, 2, -1, 0, 1, 0, 2, 2, -1, 1, 5, 1, 0, 5, 0, 3]","[1, 2, 1, 1, 1, 2, 1, 0, 1, 1, 0, 2, 2, -1, 1, 5, 1, 0, 5, 0, 3]",8,1,3
TK-A(2)[M]-TK-A(1)[M](2)[M],FALSE,"[1, 0, 1, 1, 1, 2, 3, -1, 0, 1, 1, 2, 1, 0, 2, 5, 3, 0, 5, 0, 3]","[{'INP': 32}, {'CONV': [64, 5]}, {'CONV': [128, 7]}, {'POOLAVG': [-1, 2]}, {'CONV': [128, 7]}, {'CONV': [64, 7]}, {'FLATTEN': None}, {'DENSE': [64, 'relu']}, {'DENSE': [10, 'softmax']}]",L_CHANGE_TYPE,TPC,GA,S,8,0.671899974,1.169706106,725476030,0.016702471,2660106,[],[],[],7,0,0
TK-LR(2)[M]-TK-A(1)[M](2)[M],FALSE,"[1, 0, 1, 2, -1, 0, 1, 0, 1, 2, -1, 0, 1, 0, 2, 5, 3, 0, 5, 0, 3]","[{'INP': 32}, {'CONV': [64, 5]}, {'POOLMAX': [-1, 2]}, {'CONV': [64, 5]}, {'POOLMAX': [-1, 2]}, {'CONV': [64, 7]}, {'FLATTEN': None}, {'DENSE': [64, 'relu']}, {'DENSE': [10, 'softmax']}]",L_CHANGE_TYPE,TPC,GA,S,8,0.692099988,1.118901491,44321470,0.012016856,570954,[],[],[],8,9,6
TK-A(2)[M]-TK-A(1)[M](2)[M]-TK-LR(2)[M]-TK-A(1)[M](2)[M](1),TRUE,"[1, 0, 1, 2, -1, 0, 3, -1, 0, 1, 1, 2, 1, 0, 2, 5, 3, 0, 5, 0, 3]","[{'INP': 32}, {'CONV': [64, 5]}, {'CONV': [64, 5]}, {'POOLAVG': [-1, 2]}, {'CONV': [128, 7]}, {'CONV': [64, 7]}, {'FLATTEN': None}, {'DENSE': [64, 'relu']}, {'DENSE': [10, 'softmax']}]",L_CHANGE_TYPE,TPC,GA,S,8,0.654500008,1.213009715,316465854,0.013447322,1959626,"[1, 0, 1, 1, 1, 2, 3, -1, 0, 1, 1, 2, 1, 0, 2, 5, 3, 0, 5, 0, 3]","[1, 0, 1, 2, -1, 0, 1, 0, 1, 2, -1, 0, 1, 0, 2, 5, 3, 0, 5, 0, 3]",[],-1,-1,-1
TK-A(2)[M]-TK-A(1)[M](2)[M]-TK-LR(2)[M]-TK-A(1)[M](2)[M](2),TRUE,"[1, 0, 1, 1, 1, 2, 1, 0, 1, 2, -1, 0, 1, 0, 2, 5, 3, 0, 5, 0, 3]","[{'INP': 32}, {'CONV': [64, 5]}, {'CONV': [128, 7]}, {'CONV': [64, 5]}, {'POOLMAX': [-1, 2]}, {'CONV': [64, 7]}, {'FLATTEN': None}, {'DENSE': [64, 'relu']}, {'DENSE': [10, 'softmax']}]",L_CHANGE_TYPE,TPC,GA,S,8,0.645600021,1.184877753,678273726,0.01603989,1861322,"[1, 0, 1, 1, 1, 2, 3, -1, 0, 1, 1, 2, 1, 0, 2, 5, 3, 0, 5, 0, 3]","[1, 0, 1, 2, -1, 0, 1, 0, 1, 2, -1, 0, 1, 0, 2, 5, 3, 0, 5, 0, 3]",[],-1,-1,-1
SL-A(2)[M]-TK-A(2)[M](2)[M],FALSE,"[1, 2, 1, 1, 1, 2, 3, -1, 0, 1, 0, 2, 2, -1, 1, 5, 1, 0, 5, 0, 3]","[{'INP': 32}, {'CONV': [256, 5]}, {'CONV': [128, 7]}, {'POOLAVG': [-1, 2]}, {'CONV': [64, 7]}, {'POOLMAX': [-1, 3]}, {'FLATTEN': None}, {'DENSE': [16, 'relu']}, {'DENSE': [10, 'softmax']}]",L_CHANGE_TYPE,TPC,GA,S,8,0.668200016,1.021245956,1766891750,0.022851979,2052474,[],[],[],8,1,3
SL-A(2)[M]-TK-A(1)[M](2)[M],FALSE,"[1, 0, 1, 1, 2, 0, 3, -1, 0, 1, 1, 2, 1, 0, 2, 5, 3, 0, 5, 0, 3]","[{'INP': 32}, {'CONV': [64, 5]}, {'CONV': [256, 3]}, {'POOLAVG': [-1, 2]}, {'CONV': [128, 7]}, {'CONV': [64, 7]}, {'FLATTEN': None}, {'DENSE': [64, 'relu']}, {'DENSE': [10, 'softmax']}]",L_CHANGE_TYPE,TPC,GA,S,8,0.70539999,0.9396047,671081150,0.016904628,3209098,[],[],[],11,2,0
SL-A(2)[M]-TK-A(2)[M](2)[M]-SL-A(2)[M]-TK-A(1)[M](2)[M](1),TRUE,"[1, 2, 1, 1, 2, 0, 3, -1, 0, 1, 0, 2, 2, -1, 1, 5, 1, 0, 5, 0, 3]","[{'INP': 32}, {'CONV': [256, 5]}, {'CONV': [256, 3]}, {'POOLAVG': [-1, 2]}, {'CONV': [64, 7]}, {'POOLMAX': [-1, 3]}, {'FLATTEN': None}, {'DENSE': [16, 'relu']}, {'DENSE': [10, 'softmax']}]",L_CHANGE_TYPE,TPC,GA,S,8,0.100000001,2.302664757,829595878,0.017132796,1438202,"[1, 2, 1, 1, 1, 2, 3, -1, 0, 1, 0, 2, 2, -1, 1, 5, 1, 0, 5, 0, 3]","[1, 0, 1, 1, 2, 0, 3, -1, 0, 1, 1, 2, 1, 0, 2, 5, 3, 0, 5, 0, 3]",[],-1,-1,-1
SL-A(2)[M]-TK-A(2)[M](2)[M]-SL-A(2)[M]-TK-A(1)[M](2)[M](2),TRUE,"[1, 0, 1, 1, 1, 2, 3, -1, 0, 1, 1, 2, 1, 0, 2, 5, 3, 0, 5, 0, 3]","[{'INP': 32}, {'CONV': [64, 5]}, {'CONV': [128, 7]}, {'POOLAVG': [-1, 2]}, {'CONV': [128, 7]}, {'CONV': [64, 7]}, {'FLATTEN': None}, {'DENSE': [64, 'relu']}, {'DENSE': [10, 'softmax']}]",L_CHANGE_TYPE,TPC,GA,S,8,0.688300014,1.11281538,725476030,0.01677513,2660106,"[1, 2, 1, 1, 1, 2, 3, -1, 0, 1, 0, 2, 2, -1, 1, 5, 1, 0, 5, 0, 3]","[1, 0, 1, 1, 2, 0, 3, -1, 0, 1, 1, 2, 1, 0, 2, 5, 3, 0, 5, 0, 3]",[],-1,-1,-1
SL-A(2)[M]-TK-A(1)[M](1)[M],FALSE,"[1, 2, 1, 2, -1, 0, 3, -1, 1, 1, 0, 2, 2, -1, 1, 5, 1, 0, 5, 0, 3]","[{'INP': 32}, {'CONV': [256, 5]}, {'CONV': [256, 3]}, {'POOLAVG': [-1, 3]}, {'CONV': [64, 7]}, {'POOLMAX': [-1, 3]}, {'FLATTEN': None}, {'DENSE': [16, 'relu']}, {'DENSE': [10, 'softmax']}]",L_CHANGE_TYPE,TPC,GA,S,8,0.68720001,0.944834769,704314726,0.015774609,1421818,[],[],[],7,10,5
SL-A(2)[M]-TK-A(1)[M](2)[M],FALSE,"[1, 0, 1, 1, 2, 0, 3, -1, 0, 1, 1, 2, 1, 0, 2, 5, 3, 0, 5, 0, 3]","[{'INP': 32}, {'CONV': [64, 5]}, {'CONV': [256, 3]}, {'POOLAVG': [-1, 2]}, {'CONV': [128, 7]}, {'CONV': [64, 7]}, {'FLATTEN': None}, {'DENSE': [64, 'relu']}, {'DENSE': [10, 'softmax']}]",L_CHANGE_TYPE,TPC,GA,S,8,0.701900005,1.072564602,671081150,0.017064313,3209098,[],[],[],11,2,0
SL-A(2)[M]-TK-A(1)[M](1)[M]-SL-A(2)[M]-TK-A(1)[M](2)[M](1),TRUE,"[1, 2, 1, 1, 2, 0, 3, -1, 0, 1, 1, 2, 2, -1, 1, 5, 1, 0, 5, 0, 3]","[{'INP': 32}, {'CONV': [256, 5]}, {'CONV': [256, 3]}, {'POOLAVG': [-1, 2]}, {'CONV': [128, 7]}, {'POOLMAX': [-1, 3]}, {'FLATTEN': None}, {'DENSE': [16, 'relu']}, {'DENSE': [10, 'softmax']}]",L_CHANGE_TYPE,TPC,GA,S,8,0.676699996,1.041916251,1035157766,0.018833501,2266682,"[1, 2, 1, 2, -1, 0, 3, -1, 1, 1, 0, 2, 2, -1, 1, 5, 1, 0, 5, 0, 3]","[1, 0, 1, 1, 2, 0, 3, -1, 0, 1, 1, 2, 1, 0, 2, 5, 3, 0, 5, 0, 3]",[],-1,-1,-1
SL-A(2)[M]-TK-A(1)[M](1)[M]-SL-A(2)[M]-TK-A(1)[M](2)[M](2),TRUE,"[1, 0, 1, 1, 2, 0, 3, -1, 1, 1, 0, 2, 1, 0, 2, 5, 3, 0, 5, 0, 3]","[{'INP': 32}, {'CONV': [64, 5]}, {'CONV': [256, 3]}, {'POOLAVG': [-1, 3]}, {'CONV': [64, 7]}, {'CONV': [64, 7]}, {'FLATTEN': None}, {'DENSE': [64, 'relu']}, {'DENSE': [10, 'softmax']}]",L_CHANGE_TYPE,TPC,GA,S,8,0.685800016,0.944111824,256957886,0.013573942,1566538,"[1, 2, 1, 2, -1, 0, 3, -1, 1, 1, 0, 2, 2, -1, 1, 5, 1, 0, 5, 0, 3]","[1, 0, 1, 1, 2, 0, 3, -1, 0, 1, 1, 2, 1, 0, 2, 5, 3, 0, 5, 0, 3]",[],-1,-1,-1
TK-LR(2)[M]-TK-A(1)[M](2)[M],FALSE,"[1, 0, 1, 2, -1, 0, 1, 0, 1, 2, -1, 0, 1, 0, 2, 5, 3, 0, 5, 0, 3]","[{'INP': 32}, {'CONV': [64, 5]}, {'POOLMAX': [-1, 2]}, {'CONV': [64, 5]}, {'POOLMAX': [-1, 2]}, {'CONV': [64, 7]}, {'FLATTEN': None}, {'DENSE': [64, 'relu']}, {'DENSE': [10, 'softmax']}]",L_CHANGE_TYPE,TPC,GA,S,8,0.664200008,1.160218596,44321470,0.011901082,570954,[],[],[],8,9,6
TK-LR(2)[M]-TK-A(1)[M](1)[M],FALSE,"[1, 1, 0, 3, -1, 0, 1, 0, 0, 1, 2, 2, 1, 2, 1, 5, 5, 0, 5, 0, 3]","[{'INP': 32}, {'CONV': [128, 3]}, {'POOLAVG': [-1, 2]}, {'CONV': [64, 3]}, {'CONV': [256, 7]}, {'CONV': [256, 5]}, {'FLATTEN': None}, {'DENSE': [256, 'relu']}, {'DENSE': [10, 'softmax']}]",L_CHANGE_TYPE,TPC,GA,S,8,0.611000001,2.025729895,664349342,0.017469867,19299146,[],[],[],7,11,8
TK-LR(2)[M]-TK-A(1)[M](2)[M]-TK-LR(2)[M]-TK-A(1)[M](1)[M](1),TRUE,"[1, 0, 1, 2, -1, 0, 1, 0, 1, 1, 2, 2, 1, 0, 2, 5, 3, 0, 5, 0, 3]","[{'INP': 32}, {'CONV': [64, 5]}, {'POOLMAX': [-1, 2]}, {'CONV': [64, 5]}, {'CONV': [256, 7]}, {'CONV': [64, 7]}, {'FLATTEN': None}, {'DENSE': [64, 'relu']}, {'DENSE': [10, 'softmax']}]",L_CHANGE_TYPE,TPC,GA,S,8,0.669200003,1.165654302,443335358,0.014642253,2762570,"[1, 0, 1, 2, -1, 0, 1, 0, 1, 2, -1, 0, 1, 0, 2, 5, 3, 0, 5, 0, 3]","[1, 1, 0, 3, -1, 0, 1, 0, 0, 1, 2, 2, 1, 2, 1, 5, 5, 0, 5, 0, 3]",[],-1,-1,-1
TK-LR(2)[M]-TK-A(1)[M](2)[M]-TK-LR(2)[M]-TK-A(1)[M](1)[M](2),TRUE,"[1, 1, 0, 3, -1, 0, 1, 0, 0, 2, -1, 0, 1, 2, 1, 5, 5, 0, 5, 0, 3]","[{'INP': 32}, {'CONV': [128, 3]}, {'POOLAVG': [-1, 2]}, {'CONV': [64, 3]}, {'POOLMAX': [-1, 2]}, {'CONV': [256, 5]}, {'FLATTEN': None}, {'DENSE': [256, 'relu']}, {'DENSE': [10, 'softmax']}]",L_CHANGE_TYPE,TPC,GA,S,8,0.696500003,1.423313618,52980382,0.01183354,4684362,"[1, 0, 1, 2, -1, 0, 1, 0, 1, 2, -1, 0, 1, 0, 2, 5, 3, 0, 5, 0, 3]","[1, 1, 0, 3, -1, 0, 1, 0, 0, 1, 2, 2, 1, 2, 1, 5, 5, 0, 5, 0, 3]",[],-1,-1,-1
TK-A(2)[M]-TK-A(1)[M](2)[M]-TK-LR(2)[M]-TK-A(1)[M](2)[M](1)[M],TRUE,"[2, -1, 1, 1, 0, 1, 3, -1, 0, 1, 1, 2, 1, 0, 2, 5, 3, 0, 5, 0, 3]","[{'INP': 32}, {'POOLMAX': [-1, 3]}, {'CONV': [64, 5]}, {'POOLAVG': [-1, 2]}, {'CONV': [128, 7]}, {'CONV': [64, 7]}, {'FLATTEN': None}, {'DENSE': [64, 'relu']}, {'DENSE': [10, 'softmax']}]",L_CHANGE_TYPE,TPC,GA,S,8,0.548799992,1.341078043,20663652,0.011520707,910986,"[1, 0, 1, 1, 1, 2, 3, -1, 0, 1, 1, 2, 1, 0, 2, 5, 3, 0, 5, 0, 3]","[1, 0, 1, 2, -1, 0, 1, 0, 1, 2, -1, 0, 1, 0, 2, 5, 3, 0, 5, 0, 3]","[1, 0, 1, 2, -1, 0, 3, -1, 0, 1, 1, 2, 1, 0, 2, 5, 3, 0, 5, 0, 3]",4,11,5
TK-A(2)[M]-TK-A(1)[M](2)[M]-TK-LR(2)[M]-TK-A(1)[M](2)[M](2)[M],TRUE,"[1, 0, 1, 1, 1, 2, 2, -1, 0, 2, -1, 0, 1, 0, 2, 5, 3, 0, 5, 0, 3]","[{'INP': 32}, {'CONV': [64, 5]}, {'CONV': [128, 7]}, {'CONV': [64, 7]}, {'POOLMAX': [-1, 2]}, {'CONV': [64, 7]}, {'FLATTEN': None}, {'DENSE': [64, 'relu']}, {'DENSE': [10, 'softmax']}]",L_CHANGE_TYPE,TPC,GA,S,8,0.653100014,1.178605437,879600318,0.018032266,2057930,"[1, 0, 1, 1, 1, 2, 3, -1, 0, 1, 1, 2, 1, 0, 2, 5, 3, 0, 5, 0, 3]","[1, 0, 1, 2, -1, 0, 1, 0, 1, 2, -1, 0, 1, 0, 2, 5, 3, 0, 5, 0, 3]","[1, 0, 1, 1, 1, 2, 1, 0, 1, 2, -1, 0, 1, 0, 2, 5, 3, 0, 5, 0, 3]",4,6,3
SL-A(2)[M]-TK-A(2)[M](2)[M]-SL-A(2)[M]-TK-A(1)[M](2)[M](1)[M],TRUE,"[1, 2, 1, 1, 2, 0, 3, -1, 0, 1, 0, 2, 2, -1, 1, 5, 1, 0, 5, 0, 3]","[{'INP': 32}, {'CONV': [256, 5]}, {'CONV': [256, 3]}, {'POOLAVG': [-1, 2]}, {'CONV': [64, 7]}, {'POOLMAX': [-1, 3]}, {'FLATTEN': None}, {'DENSE': [16, 'relu']}, {'DENSE': [10, 'softmax']}]",L_CHANGE_TYPE,TPC,GA,S,8,0.665300012,0.999302328,829595878,0.017768595,1438202,"[1, 2, 1, 1, 1, 2, 3, -1, 0, 1, 0, 2, 2, -1, 1, 5, 1, 0, 5, 0, 3]","[1, 0, 1, 1, 2, 0, 3, -1, 0, 1, 1, 2, 1, 0, 2, 5, 3, 0, 5, 0, 3]","[1, 2, 1, 1, 2, 0, 3, -1, 0, 1, 0, 2, 2, -1, 1, 5, 1, 0, 5, 0, 3]",2,6,0
SL-A(2)[M]-TK-A(2)[M](2)[M]-SL-A(2)[M]-TK-A(1)[M](2)[M](2)[M],TRUE,"[1, 0, 1, 1, 1, 2, 3, -1, 0, 1, 1, 2, 1, 0, 2, 5, 3, 0, 5, 0, 3]","[{'INP': 32}, {'CONV': [64, 5]}, {'CONV': [128, 7]}, {'POOLAVG': [-1, 2]}, {'CONV': [128, 7]}, {'CONV': [64, 7]}, {'FLATTEN': None}, {'DENSE': [64, 'relu']}, {'DENSE': [10, 'softmax']}]",L_CHANGE_TYPE,TPC,GA,S,8,0.671899974,1.178877354,725476030,0.016778923,2660106,"[1, 2, 1, 1, 1, 2, 3, -1, 0, 1, 0, 2, 2, -1, 1, 5, 1, 0, 5, 0, 3]","[1, 0, 1, 1, 2, 0, 3, -1, 0, 1, 1, 2, 1, 0, 2, 5, 3, 0, 5, 0, 3]","[1, 0, 1, 1, 1, 2, 3, -1, 0, 1, 1, 2, 1, 0, 2, 5, 3, 0, 5, 0, 3]",6,2,0
SL-A(2)[M]-TK-A(1)[M](1)[M]-SL-A(2)[M]-TK-A(1)[M](2)[M](1)[M],TRUE,"[1, 2, 1, 1, 2, 0, 3, -1, 0, 1, 1, 2, 2, -1, 1, 5, 1, 0, 5, 0, 3]","[{'INP': 32}, {'CONV': [256, 5]}, {'CONV': [256, 3]}, {'POOLAVG': [-1, 2]}, {'CONV': [128, 7]}, {'POOLMAX': [-1, 3]}, {'FLATTEN': None}, {'DENSE': [16, 'relu']}, {'DENSE': [10, 'softmax']}]",L_CHANGE_TYPE,TPC,GA,S,8,0.100000001,2.302633524,1035157766,0.018926583,2266682,"[1, 2, 1, 2, -1, 0, 3, -1, 1, 1, 0, 2, 2, -1, 1, 5, 1, 0, 5, 0, 3]","[1, 0, 1, 1, 2, 0, 3, -1, 0, 1, 1, 2, 1, 0, 2, 5, 3, 0, 5, 0, 3]","[1, 2, 1, 1, 2, 0, 3, -1, 0, 1, 1, 2, 2, -1, 1, 5, 1, 0, 5, 0, 3]",4,5,0
SL-A(2)[M]-TK-A(1)[M](1)[M]-SL-A(2)[M]-TK-A(1)[M](2)[M](2)[M],TRUE,"[3, -1, 0, 1, 2, 0, 3, -1, 1, 1, 0, 2, 1, 0, 2, 5, 3, 0, 5, 0, 3]","[{'INP': 32}, {'POOLAVG': [-1, 2]}, {'CONV': [256, 3]}, {'POOLAVG': [-1, 3]}, {'CONV': [64, 7]}, {'CONV': [64, 7]}, {'FLATTEN': None}, {'DENSE': [64, 'relu']}, {'DENSE': [10, 'softmax']}]",L_CHANGE_TYPE,TPC,GA,S,8,0.647499979,1.054231405,27025278,0.011908656,1113930,"[1, 2, 1, 2, -1, 0, 3, -1, 1, 1, 0, 2, 2, -1, 1, 5, 1, 0, 5, 0, 3]","[1, 0, 1, 1, 2, 0, 3, -1, 0, 1, 1, 2, 1, 0, 2, 5, 3, 0, 5, 0, 3]","[1, 0, 1, 1, 2, 0, 3, -1, 1, 1, 0, 2, 1, 0, 2, 5, 3, 0, 5, 0, 3]",9,5,3
TK-LR(2)[M]-TK-A(1)[M](2)[M]-TK-LR(2)[M]-TK-A(1)[M](1)[M](1)[M],TRUE,"[1, 0, 1, 2, -1, 0, 1, 0, 1, 1, 2, 2, 1, 0, 2, 5, 3, 0, 5, 0, 3]","[{'INP': 32}, {'CONV': [64, 5]}, {'POOLMAX': [-1, 2]}, {'CONV': [64, 5]}, {'CONV': [256, 7]}, {'CONV': [64, 7]}, {'FLATTEN': None}, {'DENSE': [64, 'relu']}, {'DENSE': [10, 'softmax']}]",L_CHANGE_TYPE,TPC,GA,S,8,0.100000001,2.30265069,443335358,0.014859123,2762570,"[1, 0, 1, 2, -1, 0, 1, 0, 1, 2, -1, 0, 1, 0, 2, 5, 3, 0, 5, 0, 3]","[1, 1, 0, 3, -1, 0, 1, 0, 0, 1, 2, 2, 1, 2, 1, 5, 5, 0, 5, 0, 3]","[1, 0, 1, 2, -1, 0, 1, 0, 1, 1, 2, 2, 1, 0, 2, 5, 3, 0, 5, 0, 3]",3,7,0
TK-LR(2)[M]-TK-A(1)[M](2)[M]-TK-LR(2)[M]-TK-A(1)[M](1)[M](2)[M],TRUE,"[1, 1, 0, 1, 1, 0, 3, -1, 0, 2, -1, 0, 1, 2, 1, 5, 5, 0, 5, 0, 3]","[{'INP': 32}, {'CONV': [128, 3]}, {'CONV': [128, 3]}, {'CONV': [128, 5]}, {'POOLMAX': [-1, 2]}, {'CONV': [256, 5]}, {'FLATTEN': None}, {'DENSE': [256, 'relu']}, {'DENSE': [10, 'softmax']}]",L_CHANGE_TYPE,TPC,GA,S,8,0.70450002,1.575089693,800754334,0.018912492,18160394,"[1, 0, 1, 2, -1, 0, 1, 0, 1, 2, -1, 0, 1, 0, 2, 5, 3, 0, 5, 0, 3]","[1, 1, 0, 3, -1, 0, 1, 0, 0, 1, 2, 2, 1, 2, 1, 5, 5, 0, 5, 0, 3]","[1, 1, 0, 3, -1, 0, 1, 0, 0, 2, -1, 0, 1, 2, 1, 5, 5, 0, 5, 0, 3]",10,7,4
