ID,Seed,Execution,Generation,isChild,isMutant,Integer_encoding,Genotype,Crossover type,Mutation type,Search strategy,Epochs,Accuracy,Loss,FLOPs,CPU_Sec,Num_Params,P1_idx,P2_idx,P1,P2,Before_Mut,HD_P1,HD_P2,HD_BM,Succ_Crossover,Succ_Mutation,Was_invalid
UMOU,1,1,1,False,False,"[1, 0, 1, 1, 0, 1, 1, 3, 1, 2, -1, 1, 1, 0, 1, 1, 3, 1, 5, 2, 0, 5, 0, 3]","[{'INP': 32}, {'CONV': [32, 5]}, {'CONV': [32, 5]}, {'CONV': [256, 5]}, {'POOLMAX': [-1, 3]}, {'CONV': [32, 5]}, {'CONV': [256, 5]}, {'FLATTEN': None}, {'DENSE': [256, 'relu']}, {'DENSE': [10, 'softmax']}]",SPC,L_CHANGE_TYPE,GA,5,0.621100008,1.127522111,286196958,23.53973007,7199434,NONE,NONE,NONE,NONE,NONE,-1,-1,-1,0,0,False
OPHI,1,1,1,False,False,"[1, 1, 1, 1, 2, 0, 2, -1, 0, 1, 0, 1, 1, 0, 0, 2, -1, 1, 5, 1, 0, 5, 0, 3]","[{'INP': 32}, {'CONV': [64, 5]}, {'CONV': [128, 3]}, {'POOLMAX': [-1, 2]}, {'CONV': [32, 5]}, {'CONV': [32, 3]}, {'POOLMAX': [-1, 3]}, {'FLATTEN': None}, {'DENSE': [128, 'relu']}, {'DENSE': [10, 'softmax']}]",SPC,L_CHANGE_TYPE,GA,5,0.705600023,0.852418542,109265774,17.93311214,294218,NONE,NONE,NONE,NONE,NONE,-1,-1,-1,0,0,False
UMOU-OPHI(1),1,1,1,True,False,"[1, 0, 1, 1, 0, 1, 1, 3, 1, 1, 0, 1, 1, 0, 0, 2, -1, 1, 5, 1, 0, 5, 0, 3]","[{'INP': 32}, {'CONV': [32, 5]}, {'CONV': [32, 5]}, {'CONV': [256, 5]}, {'CONV': [32, 5]}, {'CONV': [32, 3]}, {'POOLMAX': [-1, 3]}, {'FLATTEN': None}, {'DENSE': [128, 'relu']}, {'DENSE': [10, 'softmax']}]",SPC,L_CHANGE_TYPE,GA,5,0.666199982,0.998035729,458161566,29.38267922,858218,UMOU,OPHI,"[1, 0, 1, 1, 0, 1, 1, 3, 1, 2, -1, 1, 1, 0, 1, 1, 3, 1, 5, 2, 0, 5, 0, 3]","[1, 1, 1, 1, 2, 0, 2, -1, 0, 1, 0, 1, 1, 0, 0, 2, -1, 1, 5, 1, 0, 5, 0, 3]",NONE,6,6,-1,0,0,False
UMOU-OPHI(2),1,1,1,True,False,"[1, 1, 1, 1, 2, 0, 1, 3, 1, 2, -1, 1, 1, 0, 1, 1, 3, 1, 5, 2, 0, 5, 0, 3]","[{'INP': 32}, {'CONV': [64, 5]}, {'CONV': [128, 3]}, {'CONV': [256, 5]}, {'POOLMAX': [-1, 3]}, {'CONV': [32, 5]}, {'CONV': [256, 5]}, {'FLATTEN': None}, {'DENSE': [256, 'relu']}, {'DENSE': [10, 'softmax']}]",SPC,L_CHANGE_TYPE,GA,4,0.100000001,2.30263114,967148766,25.90932107,7864490,UMOU,OPHI,"[1, 0, 1, 1, 0, 1, 1, 3, 1, 2, -1, 1, 1, 0, 1, 1, 3, 1, 5, 2, 0, 5, 0, 3]","[1, 1, 1, 1, 2, 0, 2, -1, 0, 1, 0, 1, 1, 0, 0, 2, -1, 1, 5, 1, 0, 5, 0, 3]",NONE,3,9,-1,0,0,False
NYMP,1,1,1,False,False,"[1, 2, 1, 1, 2, 1, 1, 3, 0, 1, 3, 1, 1, 1, 0, 2, -1, 0, 5, 3, 0, 5, 0, 3]","[{'INP': 32}, {'CONV': [128, 5]}, {'CONV': [128, 5]}, {'CONV': [256, 3]}, {'CONV': [256, 5]}, {'CONV': [64, 3]}, {'POOLMAX': [-1, 2]}, {'FLATTEN': None}, {'DENSE': [512, 'relu']}, {'DENSE': [10, 'softmax']}]",SPC,L_CHANGE_TYPE,GA,5,0.660000026,1.297717333,2568819998,57.70412517,10895050,NONE,NONE,NONE,NONE,NONE,-1,-1,-1,0,0,False
SOGL,1,1,1,False,False,"[1, 0, 0, 1, 0, 0, 1, 3, 0, 1, 2, 0, 2, -1, 0, 1, 2, 1, 5, 1, 0, 5, 0, 3]","[{'INP': 32}, {'CONV': [32, 3]}, {'CONV': [32, 3]}, {'CONV': [256, 3]}, {'CONV': [128, 3]}, {'POOLMAX': [-1, 2]}, {'CONV': [128, 5]}, {'FLATTEN': None}, {'DENSE': [128, 'relu']}, {'DENSE': [10, 'softmax']}]",SPC,L_CHANGE_TYPE,GA,5,0.72390002,0.877682149,497173854,26.9705236,4984618,NONE,NONE,NONE,NONE,NONE,-1,-1,-1,0,0,False
NYMP-SOGL(1),1,1,1,True,False,"[1, 2, 1, 1, 2, 1, 1, 3, 0, 1, 3, 1, 2, -1, 0, 1, 2, 1, 5, 1, 0, 5, 0, 3]","[{'INP': 32}, {'CONV': [128, 5]}, {'CONV': [128, 5]}, {'CONV': [256, 3]}, {'CONV': [256, 5]}, {'POOLMAX': [-1, 2]}, {'CONV': [128, 5]}, {'FLATTEN': None}, {'DENSE': [128, 'relu']}, {'DENSE': [10, 'softmax']}]",SPC,L_CHANGE_TYPE,GA,5,0.67750001,1.018995762,2623423838,57.45366859,7368330,NYMP,SOGL,"[1, 2, 1, 1, 2, 1, 1, 3, 0, 1, 3, 1, 1, 1, 0, 2, -1, 0, 5, 3, 0, 5, 0, 3]","[1, 0, 0, 1, 0, 0, 1, 3, 0, 1, 2, 0, 2, -1, 0, 1, 2, 1, 5, 1, 0, 5, 0, 3]",NONE,6,6,-1,0,0,False
NYMP-SOGL(2),1,1,1,True,False,"[1, 0, 0, 1, 0, 0, 1, 3, 0, 1, 2, 0, 1, 1, 0, 2, -1, 0, 5, 3, 0, 5, 0, 3]","[{'INP': 32}, {'CONV': [32, 3]}, {'CONV': [32, 3]}, {'CONV': [256, 3]}, {'CONV': [128, 3]}, {'CONV': [64, 3]}, {'POOLMAX': [-1, 2]}, {'FLATTEN': None}, {'DENSE': [512, 'relu']}, {'DENSE': [10, 'softmax']}]",SPC,L_CHANGE_TYPE,GA,5,0.704299986,1.111864805,471995678,27.54642844,8847210,NYMP,SOGL,"[1, 2, 1, 1, 2, 1, 1, 3, 0, 1, 3, 1, 1, 1, 0, 2, -1, 0, 5, 3, 0, 5, 0, 3]","[1, 0, 0, 1, 0, 0, 1, 3, 0, 1, 2, 0, 2, -1, 0, 1, 2, 1, 5, 1, 0, 5, 0, 3]",NONE,6,6,-1,0,0,False
PBWG,1,1,1,False,False,"[1, 2, 0, 1, 3, 0, 1, 3, 0, 2, -1, 1, 1, 3, 1, 2, -1, 1, 5, 3, 0, 5, 0, 3]","[{'INP': 32}, {'CONV': [128, 3]}, {'CONV': [256, 3]}, {'CONV': [256, 3]}, {'POOLMAX': [-1, 3]}, {'CONV': [256, 5]}, {'POOLMAX': [-1, 3]}, {'FLATTEN': None}, {'DENSE': [512, 'relu']}, {'DENSE': [10, 'softmax']}]",SPC,L_CHANGE_TYPE,GA,5,0.771899998,0.756131947,1074999710,33.79861975,3712778,NONE,NONE,NONE,NONE,NONE,-1,-1,-1,0,0,False
NYMP,1,1,1,False,False,"[1, 2, 1, 1, 2, 1, 1, 3, 0, 1, 3, 1, 1, 1, 0, 2, -1, 0, 5, 3, 0, 5, 0, 3]","[{'INP': 32}, {'CONV': [128, 5]}, {'CONV': [128, 5]}, {'CONV': [256, 3]}, {'CONV': [256, 5]}, {'CONV': [64, 3]}, {'POOLMAX': [-1, 2]}, {'FLATTEN': None}, {'DENSE': [512, 'relu']}, {'DENSE': [10, 'softmax']}]",SPC,L_CHANGE_TYPE,GA,5,0.660000026,1.297717333,2568819998,57.70412517,10895050,NONE,NONE,NONE,NONE,NONE,-1,-1,-1,0,0,False
PBWG-NYMP(1),1,1,1,True,False,"[1, 2, 0, 1, 2, 1, 1, 3, 0, 1, 3, 1, 1, 1, 0, 2, -1, 0, 5, 3, 0, 5, 0, 3]","[{'INP': 32}, {'CONV': [128, 3]}, {'CONV': [128, 5]}, {'CONV': [256, 3]}, {'CONV': [256, 5]}, {'CONV': [64, 3]}, {'POOLMAX': [-1, 2]}, {'FLATTEN': None}, {'DENSE': [512, 'relu']}, {'DENSE': [10, 'softmax']}]",SPC,L_CHANGE_TYPE,GA,5,0.677999973,0.970479608,2562528542,57.53278136,10888906,PBWG,NYMP,"[1, 2, 0, 1, 3, 0, 1, 3, 0, 2, -1, 1, 1, 3, 1, 2, -1, 1, 5, 3, 0, 5, 0, 3]","[1, 2, 1, 1, 2, 1, 1, 3, 0, 1, 3, 1, 1, 1, 0, 2, -1, 0, 5, 3, 0, 5, 0, 3]",NONE,7,1,-1,0,0,False
PBWG-NYMP(2),1,1,1,True,False,"[1, 2, 1, 1, 3, 0, 1, 3, 0, 2, -1, 1, 1, 3, 1, 2, -1, 1, 5, 3, 0, 5, 0, 3]","[{'INP': 32}, {'CONV': [128, 5]}, {'CONV': [256, 3]}, {'CONV': [256, 3]}, {'POOLMAX': [-1, 3]}, {'CONV': [256, 5]}, {'POOLMAX': [-1, 3]}, {'FLATTEN': None}, {'DENSE': [512, 'relu']}, {'DENSE': [10, 'softmax']}]",SPC,L_CHANGE_TYPE,GA,5,0.745800018,0.781407416,1081291166,33.93851471,3718922,PBWG,NYMP,"[1, 2, 0, 1, 3, 0, 1, 3, 0, 2, -1, 1, 1, 3, 1, 2, -1, 1, 5, 3, 0, 5, 0, 3]","[1, 2, 1, 1, 2, 1, 1, 3, 0, 1, 3, 1, 1, 1, 0, 2, -1, 0, 5, 3, 0, 5, 0, 3]",NONE,1,7,-1,0,0,False
UMOU-OPHI(1)[M],1,1,1,True,True,"[1, 0, 1, 1, 0, 1, 1, 3, 1, 1, 0, 1, 2, -1, 1, 2, -1, 1, 5, 1, 0, 5, 0, 3]","[{'INP': 32}, {'CONV': [32, 5]}, {'CONV': [32, 5]}, {'CONV': [256, 5]}, {'CONV': [32, 5]}, {'POOLMAX': [-1, 3]}, {'POOLMAX': [-1, 3]}, {'FLATTEN': None}, {'DENSE': [128, 'relu']}, {'DENSE': [10, 'softmax']}]",SPC,L_CHANGE_TYPE,GA,5,0.6699,0.950370908,448336558,27.57291484,476234,NONE,NONE,NONE,NONE,"[1, 0, 1, 1, 0, 1, 1, 3, 1, 1, 0, 1, 1, 0, 0, 2, -1, 1, 5, 1, 0, 5, 0, 3]",-1,-1,3,0,0,False
UMOU-OPHI(2)[M],1,1,1,True,True,"[1, 1, 1, 1, 2, 0, 2, -1, 0, 2, -1, 1, 1, 0, 1, 1, 3, 1, 5, 2, 0, 5, 0, 3]","[{'INP': 32}, {'CONV': [64, 5]}, {'CONV': [128, 3]}, {'POOLMAX': [-1, 2]}, {'POOLMAX': [-1, 3]}, {'CONV': [32, 5]}, {'CONV': [256, 5]}, {'FLATTEN': None}, {'DENSE': [256, 'relu']}, {'DENSE': [10, 'softmax']}]",SPC,L_CHANGE_TYPE,GA,5,0.712499976,0.851317883,89915630,17.71554637,2027434,NONE,NONE,NONE,NONE,"[1, 1, 1, 1, 2, 0, 1, 3, 1, 2, -1, 1, 1, 0, 1, 1, 3, 1, 5, 2, 0, 5, 0, 3]",-1,-1,3,0,1,False
NYMP-SOGL(1)[M],1,1,1,True,True,"[1, 2, 1, 1, 2, 1, 1, 3, 0, 1, 3, 1, 2, -1, 0, 1, 2, 1, 5, 1, 0, 5, 0, 3]","[{'INP': 32}, {'CONV': [128, 5]}, {'CONV': [128, 5]}, {'CONV': [256, 3]}, {'CONV': [256, 5]}, {'POOLMAX': [-1, 2]}, {'CONV': [128, 5]}, {'FLATTEN': None}, {'DENSE': [128, 'relu']}, {'DENSE': [10, 'softmax']}]",SPC,L_CHANGE_TYPE,GA,5,0.674000025,1.004145741,2623423838,57.53269529,7368330,NONE,NONE,NONE,NONE,"[1, 2, 1, 1, 2, 1, 1, 3, 0, 1, 3, 1, 2, -1, 0, 1, 2, 1, 5, 1, 0, 5, 0, 3]",-1,-1,0,0,2,False
NYMP-SOGL(2)[M],1,1,1,True,True,"[1, 0, 0, 2, -1, 0, 1, 3, 0, 1, 2, 0, 1, 1, 0, 2, -1, 0, 5, 3, 0, 5, 0, 3]","[{'INP': 32}, {'CONV': [32, 3]}, {'POOLMAX': [-1, 2]}, {'CONV': [256, 3]}, {'CONV': [128, 3]}, {'CONV': [64, 3]}, {'POOLMAX': [-1, 2]}, {'FLATTEN': None}, {'DENSE': [512, 'relu']}, {'DENSE': [10, 'softmax']}]",SPC,L_CHANGE_TYPE,GA,5,0.736299992,0.813829541,116331806,18.61817265,2546506,NONE,NONE,NONE,NONE,"[1, 0, 0, 1, 0, 0, 1, 3, 0, 1, 2, 0, 1, 1, 0, 2, -1, 0, 5, 3, 0, 5, 0, 3]",-1,-1,2,0,2,False
PBWG-NYMP(1)[M],1,1,1,True,True,"[1, 2, 0, 1, 2, 1, 1, 3, 0, 1, 3, 1, 1, 1, 0, 1, 0, 0, 5, 3, 0, 5, 0, 3]","[{'INP': 32}, {'CONV': [128, 3]}, {'CONV': [128, 5]}, {'CONV': [256, 3]}, {'CONV': [256, 5]}, {'CONV': [64, 3]}, {'CONV': [32, 3]}, {'FLATTEN': None}, {'DENSE': [512, 'relu']}, {'DENSE': [10, 'softmax']}]",SPC,L_CHANGE_TYPE,GA,5,0.613900006,1.664845347,2589775134,61.1196425,19295978,NONE,NONE,NONE,NONE,"[1, 2, 0, 1, 2, 1, 1, 3, 0, 1, 3, 1, 1, 1, 0, 2, -1, 0, 5, 3, 0, 5, 0, 3]",-1,-1,2,0,3,False
PBWG-NYMP(2)[M],1,1,1,True,True,"[1, 2, 1, 2, -1, 0, 1, 3, 0, 1, 2, 0, 2, -1, 0, 1, 2, 0, 5, 3, 0, 5, 0, 3]","[{'INP': 32}, {'CONV': [128, 5]}, {'POOLMAX': [-1, 2]}, {'CONV': [256, 3]}, {'CONV': [128, 3]}, {'POOLMAX': [-1, 2]}, {'CONV': [128, 3]}, {'FLATTEN': None}, {'DENSE': [512, 'relu']}, {'DENSE': [10, 'softmax']}]",SPC,L_CHANGE_TYPE,GA,5,0.692399979,1.037976384,174662942,19.30981588,4947466,NONE,NONE,NONE,NONE,"[1, 2, 1, 1, 3, 0, 1, 3, 0, 2, -1, 1, 1, 3, 1, 2, -1, 1, 5, 3, 0, 5, 0, 3]",-1,-1,11,0,3,False
PBWG-NYMP(1)[M],1,1,2,False,False,"[1, 2, 0, 1, 2, 1, 1, 3, 0, 1, 3, 1, 1, 1, 0, 1, 0, 0, 5, 3, 0, 5, 0, 3]","[{'INP': 32}, {'CONV': [128, 3]}, {'CONV': [128, 5]}, {'CONV': [256, 3]}, {'CONV': [256, 5]}, {'CONV': [64, 3]}, {'CONV': [32, 3]}, {'FLATTEN': None}, {'DENSE': [512, 'relu']}, {'DENSE': [10, 'softmax']}]",SPC,L_CHANGE_TYPE,GA,5,0.613900006,1.664845347,2589775134,61.1196425,19295978,NONE,NONE,NONE,NONE,NONE,-1,-1,-1,0,0,False
NYMP-SOGL(2)[M],1,1,2,False,False,"[1, 0, 0, 2, -1, 0, 1, 3, 0, 1, 2, 0, 1, 1, 0, 2, -1, 0, 5, 3, 0, 5, 0, 3]","[{'INP': 32}, {'CONV': [32, 3]}, {'POOLMAX': [-1, 2]}, {'CONV': [256, 3]}, {'CONV': [128, 3]}, {'CONV': [64, 3]}, {'POOLMAX': [-1, 2]}, {'FLATTEN': None}, {'DENSE': [512, 'relu']}, {'DENSE': [10, 'softmax']}]",SPC,L_CHANGE_TYPE,GA,5,0.736299992,0.813829541,116331806,18.61817265,2546506,NONE,NONE,NONE,NONE,NONE,-1,-1,-1,0,0,False
PBWG-NYMP(1)[M]-NYMP-SOGL(2)[M](1),1,1,2,True,False,"[1, 2, 0, 1, 2, 1, 1, 3, 0, 1, 3, 1, 1, 1, 0, 2, -1, 0, 5, 3, 0, 5, 0, 3]","[{'INP': 32}, {'CONV': [128, 3]}, {'CONV': [128, 5]}, {'CONV': [256, 3]}, {'CONV': [256, 5]}, {'CONV': [64, 3]}, {'POOLMAX': [-1, 2]}, {'FLATTEN': None}, {'DENSE': [512, 'relu']}, {'DENSE': [10, 'softmax']}]",SPC,L_CHANGE_TYPE,GA,5,0.693000019,1.051969767,2562528542,58.03072977,10888906,PBWG-NYMP(1)[M],NYMP-SOGL(2)[M],"[1, 2, 0, 1, 2, 1, 1, 3, 0, 1, 3, 1, 1, 1, 0, 1, 0, 0, 5, 3, 0, 5, 0, 3]","[1, 0, 0, 2, -1, 0, 1, 3, 0, 1, 2, 0, 1, 1, 0, 2, -1, 0, 5, 3, 0, 5, 0, 3]",NONE,2,6,-1,0,0,False
PBWG-NYMP(1)[M]-NYMP-SOGL(2)[M](2),1,1,2,True,False,"[1, 0, 0, 2, -1, 0, 1, 3, 0, 1, 2, 0, 1, 1, 0, 1, 0, 0, 5, 3, 0, 5, 0, 3]","[{'INP': 32}, {'CONV': [32, 3]}, {'POOLMAX': [-1, 2]}, {'CONV': [256, 3]}, {'CONV': [128, 3]}, {'CONV': [64, 3]}, {'CONV': [32, 3]}, {'FLATTEN': None}, {'DENSE': [512, 'relu']}, {'DENSE': [10, 'softmax']}]",SPC,L_CHANGE_TYPE,GA,5,0.700900018,1.115954161,123143454,18.77965951,4662122,PBWG-NYMP(1)[M],NYMP-SOGL(2)[M],"[1, 2, 0, 1, 2, 1, 1, 3, 0, 1, 3, 1, 1, 1, 0, 1, 0, 0, 5, 3, 0, 5, 0, 3]","[1, 0, 0, 2, -1, 0, 1, 3, 0, 1, 2, 0, 1, 1, 0, 2, -1, 0, 5, 3, 0, 5, 0, 3]",NONE,6,2,-1,0,0,False
NYMP-SOGL(1)[M],1,1,2,False,False,"[1, 2, 1, 1, 2, 1, 1, 3, 0, 1, 3, 1, 2, -1, 0, 1, 2, 1, 5, 1, 0, 5, 0, 3]","[{'INP': 32}, {'CONV': [128, 5]}, {'CONV': [128, 5]}, {'CONV': [256, 3]}, {'CONV': [256, 5]}, {'POOLMAX': [-1, 2]}, {'CONV': [128, 5]}, {'FLATTEN': None}, {'DENSE': [128, 'relu']}, {'DENSE': [10, 'softmax']}]",SPC,L_CHANGE_TYPE,GA,5,0.674000025,1.004145741,2623423838,57.53269529,7368330,NONE,NONE,NONE,NONE,NONE,-1,-1,-1,0,0,False
NYMP-SOGL(2)[M],1,1,2,False,False,"[1, 0, 0, 2, -1, 0, 1, 3, 0, 1, 2, 0, 1, 1, 0, 2, -1, 0, 5, 3, 0, 5, 0, 3]","[{'INP': 32}, {'CONV': [32, 3]}, {'POOLMAX': [-1, 2]}, {'CONV': [256, 3]}, {'CONV': [128, 3]}, {'CONV': [64, 3]}, {'POOLMAX': [-1, 2]}, {'FLATTEN': None}, {'DENSE': [512, 'relu']}, {'DENSE': [10, 'softmax']}]",SPC,L_CHANGE_TYPE,GA,5,0.736299992,0.813829541,116331806,18.61817265,2546506,NONE,NONE,NONE,NONE,NONE,-1,-1,-1,0,0,False
NYMP-SOGL(1)[M]-NYMP-SOGL(2)[M](1),1,1,2,True,False,"[1, 2, 1, 1, 2, 1, 1, 3, 0, 1, 3, 1, 1, 1, 0, 2, -1, 0, 5, 3, 0, 5, 0, 3]","[{'INP': 32}, {'CONV': [128, 5]}, {'CONV': [128, 5]}, {'CONV': [256, 3]}, {'CONV': [256, 5]}, {'CONV': [64, 3]}, {'POOLMAX': [-1, 2]}, {'FLATTEN': None}, {'DENSE': [512, 'relu']}, {'DENSE': [10, 'softmax']}]",SPC,L_CHANGE_TYPE,GA,5,0.654200017,1.073477864,2568819998,58.02321386,10895050,NYMP-SOGL(1)[M],NYMP-SOGL(2)[M],"[1, 2, 1, 1, 2, 1, 1, 3, 0, 1, 3, 1, 2, -1, 0, 1, 2, 1, 5, 1, 0, 5, 0, 3]","[1, 0, 0, 2, -1, 0, 1, 3, 0, 1, 2, 0, 1, 1, 0, 2, -1, 0, 5, 3, 0, 5, 0, 3]",NONE,6,7,-1,0,0,False
NYMP-SOGL(1)[M]-NYMP-SOGL(2)[M](2),1,1,2,True,False,"[1, 0, 0, 2, -1, 0, 1, 3, 0, 1, 2, 0, 2, -1, 0, 1, 2, 1, 5, 1, 0, 5, 0, 3]","[{'INP': 32}, {'CONV': [32, 3]}, {'POOLMAX': [-1, 2]}, {'CONV': [256, 3]}, {'CONV': [128, 3]}, {'POOLMAX': [-1, 2]}, {'CONV': [128, 5]}, {'FLATTEN': None}, {'DENSE': [128, 'relu']}, {'DENSE': [10, 'softmax']}]",SPC,L_CHANGE_TYPE,GA,5,0.737399995,0.774203598,122623326,17.5229404,1829642,NYMP-SOGL(1)[M],NYMP-SOGL(2)[M],"[1, 2, 1, 1, 2, 1, 1, 3, 0, 1, 3, 1, 2, -1, 0, 1, 2, 1, 5, 1, 0, 5, 0, 3]","[1, 0, 0, 2, -1, 0, 1, 3, 0, 1, 2, 0, 1, 1, 0, 2, -1, 0, 5, 3, 0, 5, 0, 3]",NONE,7,6,-1,0,0,False
NYMP-SOGL(2)[M],1,1,2,False,False,"[1, 0, 0, 2, -1, 0, 1, 3, 0, 1, 2, 0, 1, 1, 0, 2, -1, 0, 5, 3, 0, 5, 0, 3]","[{'INP': 32}, {'CONV': [32, 3]}, {'POOLMAX': [-1, 2]}, {'CONV': [256, 3]}, {'CONV': [128, 3]}, {'CONV': [64, 3]}, {'POOLMAX': [-1, 2]}, {'FLATTEN': None}, {'DENSE': [512, 'relu']}, {'DENSE': [10, 'softmax']}]",SPC,L_CHANGE_TYPE,GA,5,0.736299992,0.813829541,116331806,18.61817265,2546506,NONE,NONE,NONE,NONE,NONE,-1,-1,-1,1,0,False
NYMP-SOGL(1)[M],1,1,2,False,False,"[1, 2, 1, 1, 2, 1, 1, 3, 0, 1, 3, 1, 2, -1, 0, 1, 2, 1, 5, 1, 0, 5, 0, 3]","[{'INP': 32}, {'CONV': [128, 5]}, {'CONV': [128, 5]}, {'CONV': [256, 3]}, {'CONV': [256, 5]}, {'POOLMAX': [-1, 2]}, {'CONV': [128, 5]}, {'FLATTEN': None}, {'DENSE': [128, 'relu']}, {'DENSE': [10, 'softmax']}]",SPC,L_CHANGE_TYPE,GA,5,0.674000025,1.004145741,2623423838,57.53269529,7368330,NONE,NONE,NONE,NONE,NONE,-1,-1,-1,1,0,False
NYMP-SOGL(2)[M]-NYMP-SOGL(1)[M](1),1,1,2,True,False,"[1, 0, 0, 2, -1, 0, 1, 3, 0, 1, 2, 0, 2, -1, 0, 1, 2, 1, 5, 1, 0, 5, 0, 3]","[{'INP': 32}, {'CONV': [32, 3]}, {'POOLMAX': [-1, 2]}, {'CONV': [256, 3]}, {'CONV': [128, 3]}, {'POOLMAX': [-1, 2]}, {'CONV': [128, 5]}, {'FLATTEN': None}, {'DENSE': [128, 'relu']}, {'DENSE': [10, 'softmax']}]",SPC,L_CHANGE_TYPE,GA,5,0.728500009,0.812143505,122623326,17.45109153,1829642,NYMP-SOGL(2)[M],NYMP-SOGL(1)[M],"[1, 0, 0, 2, -1, 0, 1, 3, 0, 1, 2, 0, 1, 1, 0, 2, -1, 0, 5, 3, 0, 5, 0, 3]","[1, 2, 1, 1, 2, 1, 1, 3, 0, 1, 3, 1, 2, -1, 0, 1, 2, 1, 5, 1, 0, 5, 0, 3]",NONE,6,7,-1,1,0,False
NYMP-SOGL(2)[M]-NYMP-SOGL(1)[M](2),1,1,2,True,False,"[1, 2, 1, 1, 2, 1, 1, 3, 0, 1, 3, 1, 1, 1, 0, 2, -1, 0, 5, 3, 0, 5, 0, 3]","[{'INP': 32}, {'CONV': [128, 5]}, {'CONV': [128, 5]}, {'CONV': [256, 3]}, {'CONV': [256, 5]}, {'CONV': [64, 3]}, {'POOLMAX': [-1, 2]}, {'FLATTEN': None}, {'DENSE': [512, 'relu']}, {'DENSE': [10, 'softmax']}]",SPC,L_CHANGE_TYPE,GA,5,0.652899981,1.034795165,2568819998,57.65650105,10895050,NYMP-SOGL(2)[M],NYMP-SOGL(1)[M],"[1, 0, 0, 2, -1, 0, 1, 3, 0, 1, 2, 0, 1, 1, 0, 2, -1, 0, 5, 3, 0, 5, 0, 3]","[1, 2, 1, 1, 2, 1, 1, 3, 0, 1, 3, 1, 2, -1, 0, 1, 2, 1, 5, 1, 0, 5, 0, 3]",NONE,7,6,-1,1,0,False
PBWG-NYMP(1)[M]-NYMP-SOGL(2)[M](1)[M],1,1,2,True,True,"[1, 2, 0, 1, 2, 1, 1, 3, 0, 1, 3, 1, 2, -1, 1, 2, -1, 0, 5, 3, 0, 5, 0, 3]","[{'INP': 32}, {'CONV': [128, 3]}, {'CONV': [128, 5]}, {'CONV': [256, 3]}, {'CONV': [256, 5]}, {'POOLMAX': [-1, 3]}, {'POOLMAX': [-1, 2]}, {'FLATTEN': None}, {'DENSE': [512, 'relu']}, {'DENSE': [10, 'softmax']}]",SPC,L_CHANGE_TYPE,GA,5,0.723999977,0.821286023,2406484254,52.59940553,5629578,NONE,NONE,NONE,NONE,"[1, 2, 0, 1, 2, 1, 1, 3, 0, 1, 3, 1, 1, 1, 0, 2, -1, 0, 5, 3, 0, 5, 0, 3]",-1,-1,3,1,0,False
PBWG-NYMP(1)[M]-NYMP-SOGL(2)[M](2)[M],1,1,2,True,True,"[1, 0, 0, 2, -1, 0, 1, 3, 0, 1, 2, 0, 1, 1, 0, 1, 0, 0, 5, 3, 0, 5, 0, 3]","[{'INP': 32}, {'CONV': [32, 3]}, {'POOLMAX': [-1, 2]}, {'CONV': [256, 3]}, {'CONV': [128, 3]}, {'CONV': [64, 3]}, {'CONV': [32, 3]}, {'FLATTEN': None}, {'DENSE': [512, 'relu']}, {'DENSE': [10, 'softmax']}]",SPC,L_CHANGE_TYPE,GA,5,0.699699998,1.036923528,123143454,18.39992356,4662122,NONE,NONE,NONE,NONE,"[1, 0, 0, 2, -1, 0, 1, 3, 0, 1, 2, 0, 1, 1, 0, 1, 0, 0, 5, 3, 0, 5, 0, 3]",-1,-1,0,1,1,False
NYMP-SOGL(1)[M]-NYMP-SOGL(2)[M](1)[M],1,1,2,True,True,"[1, 2, 1, 1, 2, 1, 1, 3, 0, 1, 3, 1, 1, 1, 0, 1, 0, 0, 5, 3, 0, 5, 0, 3]","[{'INP': 32}, {'CONV': [128, 5]}, {'CONV': [128, 5]}, {'CONV': [256, 3]}, {'CONV': [256, 5]}, {'CONV': [64, 3]}, {'CONV': [32, 3]}, {'FLATTEN': None}, {'DENSE': [512, 'relu']}, {'DENSE': [10, 'softmax']}]",SPC,L_CHANGE_TYPE,GA,5,0.598699987,2.031563044,2596066590,61.10285473,19302122,NONE,NONE,NONE,NONE,"[1, 2, 1, 1, 2, 1, 1, 3, 0, 1, 3, 1, 1, 1, 0, 2, -1, 0, 5, 3, 0, 5, 0, 3]",-1,-1,2,1,1,False
NYMP-SOGL(1)[M]-NYMP-SOGL(2)[M](2)[M],1,1,2,True,True,"[1, 0, 0, 2, -1, 0, 1, 3, 0, 1, 2, 0, 2, -1, 0, 1, 2, 1, 5, 1, 0, 5, 0, 3]","[{'INP': 32}, {'CONV': [32, 3]}, {'POOLMAX': [-1, 2]}, {'CONV': [256, 3]}, {'CONV': [128, 3]}, {'POOLMAX': [-1, 2]}, {'CONV': [128, 5]}, {'FLATTEN': None}, {'DENSE': [128, 'relu']}, {'DENSE': [10, 'softmax']}]",SPC,L_CHANGE_TYPE,GA,5,0.727299988,0.829604864,122623326,17.23431683,1829642,NONE,NONE,NONE,NONE,"[1, 0, 0, 2, -1, 0, 1, 3, 0, 1, 2, 0, 2, -1, 0, 1, 2, 1, 5, 1, 0, 5, 0, 3]",-1,-1,0,1,1,False
NYMP-SOGL(2)[M]-NYMP-SOGL(1)[M](1)[M],1,1,2,True,True,"[1, 0, 0, 2, -1, 0, 1, 3, 0, 1, 2, 0, 2, -1, 0, 1, 2, 1, 5, 1, 0, 5, 0, 3]","[{'INP': 32}, {'CONV': [32, 3]}, {'POOLMAX': [-1, 2]}, {'CONV': [256, 3]}, {'CONV': [128, 3]}, {'POOLMAX': [-1, 2]}, {'CONV': [128, 5]}, {'FLATTEN': None}, {'DENSE': [128, 'relu']}, {'DENSE': [10, 'softmax']}]",SPC,L_CHANGE_TYPE,GA,5,0.722899973,0.827309251,122623326,17.56409955,1829642,NONE,NONE,NONE,NONE,"[1, 0, 0, 2, -1, 0, 1, 3, 0, 1, 2, 0, 2, -1, 0, 1, 2, 1, 5, 1, 0, 5, 0, 3]",-1,-1,0,1,1,False
NYMP-SOGL(2)[M]-NYMP-SOGL(1)[M](2)[M],1,1,2,True,True,"[1, 2, 1, 1, 2, 1, 2, -1, 0, 1, 3, 1, 1, 1, 0, 2, -1, 0, 5, 3, 0, 5, 0, 3]","[{'INP': 32}, {'CONV': [128, 5]}, {'CONV': [128, 5]}, {'POOLMAX': [-1, 2]}, {'CONV': [256, 5]}, {'CONV': [64, 3]}, {'POOLMAX': [-1, 2]}, {'FLATTEN': None}, {'DENSE': [512, 'relu']}, {'DENSE': [10, 'softmax']}]",SPC,L_CHANGE_TYPE,GA,5,0.713199973,0.898762822,679073054,26.91976023,3489226,NONE,NONE,NONE,NONE,"[1, 2, 1, 1, 2, 1, 1, 3, 0, 1, 3, 1, 1, 1, 0, 2, -1, 0, 5, 3, 0, 5, 0, 3]",-1,-1,2,1,1,False
NYMP-SOGL(1)[M]-NYMP-SOGL(2)[M](2)[M],1,1,3,False,False,"[1, 0, 0, 2, -1, 0, 1, 3, 0, 1, 2, 0, 2, -1, 0, 1, 2, 1, 5, 1, 0, 5, 0, 3]","[{'INP': 32}, {'CONV': [32, 3]}, {'POOLMAX': [-1, 2]}, {'CONV': [256, 3]}, {'CONV': [128, 3]}, {'POOLMAX': [-1, 2]}, {'CONV': [128, 5]}, {'FLATTEN': None}, {'DENSE': [128, 'relu']}, {'DENSE': [10, 'softmax']}]",SPC,L_CHANGE_TYPE,GA,5,0.727299988,0.829604864,122623326,17.23431683,1829642,NONE,NONE,NONE,NONE,NONE,-1,-1,-1,0,0,False
NYMP-SOGL(2)[M]-NYMP-SOGL(1)[M](1)[M],1,1,3,False,False,"[1, 0, 0, 2, -1, 0, 1, 3, 0, 1, 2, 0, 2, -1, 0, 1, 2, 1, 5, 1, 0, 5, 0, 3]","[{'INP': 32}, {'CONV': [32, 3]}, {'POOLMAX': [-1, 2]}, {'CONV': [256, 3]}, {'CONV': [128, 3]}, {'POOLMAX': [-1, 2]}, {'CONV': [128, 5]}, {'FLATTEN': None}, {'DENSE': [128, 'relu']}, {'DENSE': [10, 'softmax']}]",SPC,L_CHANGE_TYPE,GA,5,0.722899973,0.827309251,122623326,17.56409955,1829642,NONE,NONE,NONE,NONE,NONE,-1,-1,-1,0,0,False
NYMP-SOGL(1)[M]-NYMP-SOGL(2)[M](2)[M]-NYMP-SOGL(2)[M]-NYMP-SOGL(1)[M](1)[M](1),1,1,3,True,False,"[1, 0, 0, 2, -1, 0, 1, 3, 0, 1, 2, 0, 2, -1, 0, 1, 2, 1, 5, 1, 0, 5, 0, 3]","[{'INP': 32}, {'CONV': [32, 3]}, {'POOLMAX': [-1, 2]}, {'CONV': [256, 3]}, {'CONV': [128, 3]}, {'POOLMAX': [-1, 2]}, {'CONV': [128, 5]}, {'FLATTEN': None}, {'DENSE': [128, 'relu']}, {'DENSE': [10, 'softmax']}]",SPC,L_CHANGE_TYPE,GA,5,0.745500028,0.758904636,122623326,17.01553297,1829642,NYMP-SOGL(1)[M]-NYMP-SOGL(2)[M](2)[M],NYMP-SOGL(2)[M]-NYMP-SOGL(1)[M](1)[M],"[1, 0, 0, 2, -1, 0, 1, 3, 0, 1, 2, 0, 2, -1, 0, 1, 2, 1, 5, 1, 0, 5, 0, 3]","[1, 0, 0, 2, -1, 0, 1, 3, 0, 1, 2, 0, 2, -1, 0, 1, 2, 1, 5, 1, 0, 5, 0, 3]",NONE,0,0,-1,0,0,False
NYMP-SOGL(1)[M]-NYMP-SOGL(2)[M](2)[M]-NYMP-SOGL(2)[M]-NYMP-SOGL(1)[M](1)[M](2),1,1,3,True,False,"[1, 0, 0, 2, -1, 0, 1, 3, 0, 1, 2, 0, 2, -1, 0, 1, 2, 1, 5, 1, 0, 5, 0, 3]","[{'INP': 32}, {'CONV': [32, 3]}, {'POOLMAX': [-1, 2]}, {'CONV': [256, 3]}, {'CONV': [128, 3]}, {'POOLMAX': [-1, 2]}, {'CONV': [128, 5]}, {'FLATTEN': None}, {'DENSE': [128, 'relu']}, {'DENSE': [10, 'softmax']}]",SPC,L_CHANGE_TYPE,GA,5,0.738600016,0.764975488,122623326,17.3162322,1829642,NYMP-SOGL(1)[M]-NYMP-SOGL(2)[M](2)[M],NYMP-SOGL(2)[M]-NYMP-SOGL(1)[M](1)[M],"[1, 0, 0, 2, -1, 0, 1, 3, 0, 1, 2, 0, 2, -1, 0, 1, 2, 1, 5, 1, 0, 5, 0, 3]","[1, 0, 0, 2, -1, 0, 1, 3, 0, 1, 2, 0, 2, -1, 0, 1, 2, 1, 5, 1, 0, 5, 0, 3]",NONE,0,0,-1,0,0,False
NYMP-SOGL(1)[M]-NYMP-SOGL(2)[M](1)[M],1,1,3,False,False,"[1, 2, 1, 1, 2, 1, 1, 3, 0, 1, 3, 1, 1, 1, 0, 1, 0, 0, 5, 3, 0, 5, 0, 3]","[{'INP': 32}, {'CONV': [128, 5]}, {'CONV': [128, 5]}, {'CONV': [256, 3]}, {'CONV': [256, 5]}, {'CONV': [64, 3]}, {'CONV': [32, 3]}, {'FLATTEN': None}, {'DENSE': [512, 'relu']}, {'DENSE': [10, 'softmax']}]",SPC,L_CHANGE_TYPE,GA,5,0.598699987,2.031563044,2596066590,61.10285473,19302122,NONE,NONE,NONE,NONE,NONE,-1,-1,-1,2,0,False
NYMP-SOGL(1)[M]-NYMP-SOGL(2)[M](2)[M],1,1,3,False,False,"[1, 0, 0, 2, -1, 0, 1, 3, 0, 1, 2, 0, 2, -1, 0, 1, 2, 1, 5, 1, 0, 5, 0, 3]","[{'INP': 32}, {'CONV': [32, 3]}, {'POOLMAX': [-1, 2]}, {'CONV': [256, 3]}, {'CONV': [128, 3]}, {'POOLMAX': [-1, 2]}, {'CONV': [128, 5]}, {'FLATTEN': None}, {'DENSE': [128, 'relu']}, {'DENSE': [10, 'softmax']}]",SPC,L_CHANGE_TYPE,GA,5,0.727299988,0.829604864,122623326,17.23431683,1829642,NONE,NONE,NONE,NONE,NONE,-1,-1,-1,2,0,False
NYMP-SOGL(1)[M]-NYMP-SOGL(2)[M](1)[M]-NYMP-SOGL(1)[M]-NYMP-SOGL(2)[M](2)[M](1),1,1,3,True,False,"[1, 2, 1, 1, 2, 1, 1, 3, 0, 1, 2, 0, 2, -1, 0, 1, 2, 1, 5, 1, 0, 5, 0, 3]","[{'INP': 32}, {'CONV': [128, 5]}, {'CONV': [128, 5]}, {'CONV': [256, 3]}, {'CONV': [128, 3]}, {'POOLMAX': [-1, 2]}, {'CONV': [128, 5]}, {'FLATTEN': None}, {'DENSE': [128, 'relu']}, {'DENSE': [10, 'softmax']}]",SPC,L_CHANGE_TYPE,GA,5,0.663800001,0.984442115,1142703454,36.57408118,5615114,NYMP-SOGL(1)[M]-NYMP-SOGL(2)[M](1)[M],NYMP-SOGL(1)[M]-NYMP-SOGL(2)[M](2)[M],"[1, 2, 1, 1, 2, 1, 1, 3, 0, 1, 3, 1, 1, 1, 0, 1, 0, 0, 5, 3, 0, 5, 0, 3]","[1, 0, 0, 2, -1, 0, 1, 3, 0, 1, 2, 0, 2, -1, 0, 1, 2, 1, 5, 1, 0, 5, 0, 3]",NONE,7,5,-1,2,0,False
NYMP-SOGL(1)[M]-NYMP-SOGL(2)[M](1)[M]-NYMP-SOGL(1)[M]-NYMP-SOGL(2)[M](2)[M](2),1,1,3,True,False,"[1, 0, 0, 2, -1, 0, 1, 3, 0, 1, 3, 1, 1, 1, 0, 1, 0, 0, 5, 3, 0, 5, 0, 3]","[{'INP': 32}, {'CONV': [32, 3]}, {'POOLMAX': [-1, 2]}, {'CONV': [256, 3]}, {'CONV': [256, 5]}, {'CONV': [64, 3]}, {'CONV': [32, 3]}, {'FLATTEN': None}, {'DENSE': [512, 'relu']}, {'DENSE': [10, 'softmax']}]",SPC,L_CHANGE_TYPE,GA,5,0.699199975,1.041351914,485967134,23.7641964,6079466,NYMP-SOGL(1)[M]-NYMP-SOGL(2)[M](1)[M],NYMP-SOGL(1)[M]-NYMP-SOGL(2)[M](2)[M],"[1, 2, 1, 1, 2, 1, 1, 3, 0, 1, 3, 1, 1, 1, 0, 1, 0, 0, 5, 3, 0, 5, 0, 3]","[1, 0, 0, 2, -1, 0, 1, 3, 0, 1, 2, 0, 2, -1, 0, 1, 2, 1, 5, 1, 0, 5, 0, 3]",NONE,5,7,-1,2,0,False
NYMP-SOGL(2)[M]-NYMP-SOGL(1)[M](2)[M],1,1,3,False,False,"[1, 2, 1, 1, 2, 1, 2, -1, 0, 1, 3, 1, 1, 1, 0, 2, -1, 0, 5, 3, 0, 5, 0, 3]","[{'INP': 32}, {'CONV': [128, 5]}, {'CONV': [128, 5]}, {'POOLMAX': [-1, 2]}, {'CONV': [256, 5]}, {'CONV': [64, 3]}, {'POOLMAX': [-1, 2]}, {'FLATTEN': None}, {'DENSE': [512, 'relu']}, {'DENSE': [10, 'softmax']}]",SPC,L_CHANGE_TYPE,GA,5,0.713199973,0.898762822,679073054,26.91976023,3489226,NONE,NONE,NONE,NONE,NONE,-1,-1,-1,2,0,False
NYMP-SOGL(2)[M]-NYMP-SOGL(1)[M](1)[M],1,1,3,False,False,"[1, 0, 0, 2, -1, 0, 1, 3, 0, 1, 2, 0, 2, -1, 0, 1, 2, 1, 5, 1, 0, 5, 0, 3]","[{'INP': 32}, {'CONV': [32, 3]}, {'POOLMAX': [-1, 2]}, {'CONV': [256, 3]}, {'CONV': [128, 3]}, {'POOLMAX': [-1, 2]}, {'CONV': [128, 5]}, {'FLATTEN': None}, {'DENSE': [128, 'relu']}, {'DENSE': [10, 'softmax']}]",SPC,L_CHANGE_TYPE,GA,5,0.722899973,0.827309251,122623326,17.56409955,1829642,NONE,NONE,NONE,NONE,NONE,-1,-1,-1,2,0,False
NYMP-SOGL(2)[M]-NYMP-SOGL(1)[M](2)[M]-NYMP-SOGL(2)[M]-NYMP-SOGL(1)[M](1)[M](1),1,1,3,True,False,"[1, 2, 1, 1, 2, 1, 2, -1, 0, 1, 2, 0, 2, -1, 0, 1, 2, 1, 5, 1, 0, 5, 0, 3]","[{'INP': 32}, {'CONV': [128, 5]}, {'CONV': [128, 5]}, {'POOLMAX': [-1, 2]}, {'CONV': [128, 3]}, {'POOLMAX': [-1, 2]}, {'CONV': [128, 5]}, {'FLATTEN': None}, {'DENSE': [128, 'relu']}, {'DENSE': [10, 'softmax']}]",SPC,L_CHANGE_TYPE,GA,5,0.716499984,0.860492408,494507358,23.50461483,2026762,NYMP-SOGL(2)[M]-NYMP-SOGL(1)[M](2)[M],NYMP-SOGL(2)[M]-NYMP-SOGL(1)[M](1)[M],"[1, 2, 1, 1, 2, 1, 2, -1, 0, 1, 3, 1, 1, 1, 0, 2, -1, 0, 5, 3, 0, 5, 0, 3]","[1, 0, 0, 2, -1, 0, 1, 3, 0, 1, 2, 0, 2, -1, 0, 1, 2, 1, 5, 1, 0, 5, 0, 3]",NONE,8,7,-1,2,0,False
NYMP-SOGL(2)[M]-NYMP-SOGL(1)[M](2)[M]-NYMP-SOGL(2)[M]-NYMP-SOGL(1)[M](1)[M](2),1,1,3,True,False,"[1, 0, 0, 2, -1, 0, 1, 3, 0, 1, 3, 1, 1, 1, 0, 2, -1, 0, 5, 3, 0, 5, 0, 3]","[{'INP': 32}, {'CONV': [32, 3]}, {'POOLMAX': [-1, 2]}, {'CONV': [256, 3]}, {'CONV': [256, 5]}, {'CONV': [64, 3]}, {'POOLMAX': [-1, 2]}, {'FLATTEN': None}, {'DENSE': [512, 'relu']}, {'DENSE': [10, 'softmax']}]",SPC,L_CHANGE_TYPE,GA,5,0.721599996,0.838927448,479155486,21.89099264,3963850,NYMP-SOGL(2)[M]-NYMP-SOGL(1)[M](2)[M],NYMP-SOGL(2)[M]-NYMP-SOGL(1)[M](1)[M],"[1, 2, 1, 1, 2, 1, 2, -1, 0, 1, 3, 1, 1, 1, 0, 2, -1, 0, 5, 3, 0, 5, 0, 3]","[1, 0, 0, 2, -1, 0, 1, 3, 0, 1, 2, 0, 2, -1, 0, 1, 2, 1, 5, 1, 0, 5, 0, 3]",NONE,7,8,-1,2,0,False
NYMP-SOGL(1)[M]-NYMP-SOGL(2)[M](2)[M]-NYMP-SOGL(2)[M]-NYMP-SOGL(1)[M](1)[M](1)[M],1,1,3,True,True,"[1, 0, 0, 2, -1, 0, 1, 3, 0, 1, 2, 0, 2, -1, 0, 1, 2, 1, 5, 1, 0, 5, 0, 3]","[{'INP': 32}, {'CONV': [32, 3]}, {'POOLMAX': [-1, 2]}, {'CONV': [256, 3]}, {'CONV': [128, 3]}, {'POOLMAX': [-1, 2]}, {'CONV': [128, 5]}, {'FLATTEN': None}, {'DENSE': [128, 'relu']}, {'DENSE': [10, 'softmax']}]",SPC,L_CHANGE_TYPE,GA,5,0.72329998,0.831786215,122623326,17.11887479,1829642,NONE,NONE,NONE,NONE,"[1, 0, 0, 2, -1, 0, 1, 3, 0, 1, 2, 0, 2, -1, 0, 1, 2, 1, 5, 1, 0, 5, 0, 3]",-1,-1,0,2,0,False
NYMP-SOGL(1)[M]-NYMP-SOGL(2)[M](2)[M]-NYMP-SOGL(2)[M]-NYMP-SOGL(1)[M](1)[M](2)[M],1,1,3,True,True,"[1, 0, 0, 2, -1, 0, 1, 3, 0, 2, -1, 0, 1, 1, 0, 1, 2, 1, 5, 1, 0, 5, 0, 3]","[{'INP': 32}, {'CONV': [32, 3]}, {'POOLMAX': [-1, 2]}, {'CONV': [256, 3]}, {'POOLMAX': [-1, 2]}, {'CONV': [64, 3]}, {'CONV': [128, 5]}, {'FLATTEN': None}, {'DENSE': [128, 'relu']}, {'DENSE': [10, 'softmax']}]",SPC,L_CHANGE_TYPE,GA,5,0.711399972,0.864750028,43457886,17.04075813,1477322,NONE,NONE,NONE,NONE,"[1, 0, 0, 2, -1, 0, 1, 3, 0, 1, 2, 0, 2, -1, 0, 1, 2, 1, 5, 1, 0, 5, 0, 3]",-1,-1,4,2,0,False
NYMP-SOGL(1)[M]-NYMP-SOGL(2)[M](1)[M]-NYMP-SOGL(1)[M]-NYMP-SOGL(2)[M](2)[M](1)[M],1,1,3,True,True,"[1, 2, 1, 1, 2, 1, 1, 3, 0, 2, -1, 0, 2, -1, 0, 1, 2, 1, 5, 1, 0, 5, 0, 3]","[{'INP': 32}, {'CONV': [128, 5]}, {'CONV': [128, 5]}, {'CONV': [256, 3]}, {'POOLMAX': [-1, 2]}, {'POOLMAX': [-1, 2]}, {'CONV': [128, 5]}, {'FLATTEN': None}, {'DENSE': [128, 'relu']}, {'DENSE': [10, 'softmax']}]",SPC,L_CHANGE_TYPE,GA,5,0.728699982,0.802139521,785159518,29.4260354,2583946,NONE,NONE,NONE,NONE,"[1, 2, 1, 1, 2, 1, 1, 3, 0, 1, 2, 0, 2, -1, 0, 1, 2, 1, 5, 1, 0, 5, 0, 3]",-1,-1,2,2,0,False
NYMP-SOGL(1)[M]-NYMP-SOGL(2)[M](1)[M]-NYMP-SOGL(1)[M]-NYMP-SOGL(2)[M](2)[M](2)[M],1,1,3,True,True,"[1, 0, 0, 2, -1, 0, 1, 3, 0, 1, 3, 1, 1, 1, 0, 1, 0, 0, 5, 3, 0, 5, 0, 3]","[{'INP': 32}, {'CONV': [32, 3]}, {'POOLMAX': [-1, 2]}, {'CONV': [256, 3]}, {'CONV': [256, 5]}, {'CONV': [64, 3]}, {'CONV': [32, 3]}, {'FLATTEN': None}, {'DENSE': [512, 'relu']}, {'DENSE': [10, 'softmax']}]",SPC,L_CHANGE_TYPE,GA,5,0.721400023,0.884590805,485967134,23.39039946,6079466,NONE,NONE,NONE,NONE,"[1, 0, 0, 2, -1, 0, 1, 3, 0, 1, 3, 1, 1, 1, 0, 1, 0, 0, 5, 3, 0, 5, 0, 3]",-1,-1,0,2,1,False
NYMP-SOGL(2)[M]-NYMP-SOGL(1)[M](2)[M]-NYMP-SOGL(2)[M]-NYMP-SOGL(1)[M](1)[M](1)[M],1,1,3,True,True,"[1, 2, 1, 2, -1, 1, 2, -1, 0, 1, 2, 0, 2, -1, 0, 1, 2, 1, 5, 1, 0, 5, 0, 3]","[{'INP': 32}, {'CONV': [128, 5]}, {'POOLMAX': [-1, 3]}, {'POOLMAX': [-1, 2]}, {'CONV': [128, 3]}, {'POOLMAX': [-1, 2]}, {'CONV': [128, 5]}, {'FLATTEN': None}, {'DENSE': [128, 'relu']}, {'DENSE': [10, 'softmax']}]",SPC,L_CHANGE_TYPE,GA,5,0.654999971,0.993713558,15354526,15.66443515,633994,NONE,NONE,NONE,NONE,"[1, 2, 1, 1, 2, 1, 2, -1, 0, 1, 2, 0, 2, -1, 0, 1, 2, 1, 5, 1, 0, 5, 0, 3]",-1,-1,2,2,2,False
NYMP-SOGL(2)[M]-NYMP-SOGL(1)[M](2)[M]-NYMP-SOGL(2)[M]-NYMP-SOGL(1)[M](1)[M](2)[M],1,1,3,True,True,"[1, 0, 0, 2, -1, 0, 1, 3, 0, 2, -1, 0, 1, 1, 0, 2, -1, 0, 5, 3, 0, 5, 0, 3]","[{'INP': 32}, {'CONV': [32, 3]}, {'POOLMAX': [-1, 2]}, {'CONV': [256, 3]}, {'POOLMAX': [-1, 2]}, {'CONV': [64, 3]}, {'POOLMAX': [-1, 2]}, {'FLATTEN': None}, {'DENSE': [512, 'relu']}, {'DENSE': [10, 'softmax']}]",SPC,L_CHANGE_TYPE,GA,5,0.739199996,0.757877469,29828382,15.46203732,752330,NONE,NONE,NONE,NONE,"[1, 0, 0, 2, -1, 0, 1, 3, 0, 1, 3, 1, 1, 1, 0, 2, -1, 0, 5, 3, 0, 5, 0, 3]",-1,-1,3,2,2,False
SDVW,2,2,1,False,False,"[1, 0, 0, 1, 1, 1, 1, 1, 0, 1, 3, 0, 1, 2, 0, 1, 2, 0, 5, 1, 0, 5, 0, 3]","[{'INP': 32}, {'CONV': [32, 3]}, {'CONV': [64, 5]}, {'CONV': [64, 3]}, {'CONV': [256, 3]}, {'CONV': [128, 3]}, {'CONV': [128, 3]}, {'FLATTEN': None}, {'DENSE': [128, 'relu']}, {'DENSE': [10, 'softmax']}]",SPC,L_CHANGE_TYPE,GA,5,0.631900012,1.219091415,712164702,36.21952319,17458058,NONE,NONE,NONE,NONE,NONE,-1,-1,-1,0,0,False
CVUO,2,2,1,False,False,"[1, 2, 1, 1, 3, 1, 1, 2, 0, 2, -1, 1, 1, 2, 0, 2, -1, 0, 5, 3, 0, 5, 0, 3]","[{'INP': 32}, {'CONV': [128, 5]}, {'CONV': [256, 5]}, {'CONV': [128, 3]}, {'POOLMAX': [-1, 3]}, {'CONV': [128, 3]}, {'POOLMAX': [-1, 2]}, {'FLATTEN': None}, {'DENSE': [512, 'relu']}, {'DENSE': [10, 'softmax']}]",SPC,L_CHANGE_TYPE,GA,5,0.725600004,0.858724713,1167403038,34.34236169,2915850,NONE,NONE,NONE,NONE,NONE,-1,-1,-1,0,0,False
SDVW-CVUO(1),2,2,1,True,False,"[1, 0, 0, 1, 1, 1, 1, 1, 0, 1, 3, 0, 1, 2, 0, 2, -1, 0, 5, 3, 0, 5, 0, 3]","[{'INP': 32}, {'CONV': [32, 3]}, {'CONV': [64, 5]}, {'CONV': [64, 3]}, {'CONV': [256, 3]}, {'CONV': [128, 3]}, {'POOLMAX': [-1, 2]}, {'FLATTEN': None}, {'DENSE': [512, 'relu']}, {'DENSE': [10, 'softmax']}]",SPC,L_CHANGE_TYPE,GA,5,0.66900003,1.097192526,561173790,30.2824564,17314698,SDVW,CVUO,"[1, 0, 0, 1, 1, 1, 1, 1, 0, 1, 3, 0, 1, 2, 0, 1, 2, 0, 5, 1, 0, 5, 0, 3]","[1, 2, 1, 1, 3, 1, 1, 2, 0, 2, -1, 1, 1, 2, 0, 2, -1, 0, 5, 3, 0, 5, 0, 3]",NONE,3,7,-1,0,0,False
SDVW-CVUO(2),2,2,1,True,False,"[1, 2, 1, 1, 3, 1, 1, 2, 0, 2, -1, 1, 1, 2, 0, 1, 2, 0, 5, 1, 0, 5, 0, 3]","[{'INP': 32}, {'CONV': [128, 5]}, {'CONV': [256, 5]}, {'CONV': [128, 3]}, {'POOLMAX': [-1, 3]}, {'CONV': [128, 3]}, {'CONV': [128, 3]}, {'FLATTEN': None}, {'DENSE': [128, 'relu']}, {'DENSE': [10, 'softmax']}]",SPC,L_CHANGE_TYPE,GA,5,0.71420002,0.862529099,1182144606,35.51515651,3059210,SDVW,CVUO,"[1, 0, 0, 1, 1, 1, 1, 1, 0, 1, 3, 0, 1, 2, 0, 1, 2, 0, 5, 1, 0, 5, 0, 3]","[1, 2, 1, 1, 3, 1, 1, 2, 0, 2, -1, 1, 1, 2, 0, 2, -1, 0, 5, 3, 0, 5, 0, 3]",NONE,7,3,-1,0,0,False
YJWV,2,2,1,False,False,"[1, 0, 0, 1, 2, 1, 1, 2, 1, 1, 3, 0, 1, 1, 1, 2, -1, 0, 5, 1, 0, 5, 0, 3]","[{'INP': 32}, {'CONV': [32, 3]}, {'CONV': [128, 5]}, {'CONV': [128, 5]}, {'CONV': [256, 3]}, {'CONV': [64, 5]}, {'POOLMAX': [-1, 2]}, {'FLATTEN': None}, {'DENSE': [128, 'relu']}, {'DENSE': [10, 'softmax']}]",SPC,L_CHANGE_TYPE,GA,5,0.662100017,0.952860355,1249035614,39.172014,3316554,NONE,NONE,NONE,NONE,NONE,-1,-1,-1,0,0,False
CVUO,2,2,1,False,False,"[1, 2, 1, 1, 3, 1, 1, 2, 0, 2, -1, 1, 1, 2, 0, 2, -1, 0, 5, 3, 0, 5, 0, 3]","[{'INP': 32}, {'CONV': [128, 5]}, {'CONV': [256, 5]}, {'CONV': [128, 3]}, {'POOLMAX': [-1, 3]}, {'CONV': [128, 3]}, {'POOLMAX': [-1, 2]}, {'FLATTEN': None}, {'DENSE': [512, 'relu']}, {'DENSE': [10, 'softmax']}]",SPC,L_CHANGE_TYPE,GA,5,0.725600004,0.858724713,1167403038,34.34236169,2915850,NONE,NONE,NONE,NONE,NONE,-1,-1,-1,0,0,False
YJWV-CVUO(1),2,2,1,True,False,"[1, 0, 0, 1, 3, 1, 1, 2, 0, 2, -1, 1, 1, 2, 0, 2, -1, 0, 5, 3, 0, 5, 0, 3]","[{'INP': 32}, {'CONV': [32, 3]}, {'CONV': [256, 5]}, {'CONV': [128, 3]}, {'POOLMAX': [-1, 3]}, {'CONV': [128, 3]}, {'POOLMAX': [-1, 2]}, {'FLATTEN': None}, {'DENSE': [512, 'relu']}, {'DENSE': [10, 'softmax']}]",SPC,L_CHANGE_TYPE,GA,5,0.752799988,0.832732618,529262622,26.23318648,2292618,YJWV,CVUO,"[1, 0, 0, 1, 2, 1, 1, 2, 1, 1, 3, 0, 1, 1, 1, 2, -1, 0, 5, 1, 0, 5, 0, 3]","[1, 2, 1, 1, 3, 1, 1, 2, 0, 2, -1, 1, 1, 2, 0, 2, -1, 0, 5, 3, 0, 5, 0, 3]",NONE,8,2,-1,0,0,False
YJWV-CVUO(2),2,2,1,True,False,"[1, 2, 1, 1, 2, 1, 1, 2, 1, 1, 3, 0, 1, 1, 1, 2, -1, 0, 5, 1, 0, 5, 0, 3]","[{'INP': 32}, {'CONV': [128, 5]}, {'CONV': [128, 5]}, {'CONV': [128, 5]}, {'CONV': [256, 3]}, {'CONV': [64, 5]}, {'POOLMAX': [-1, 2]}, {'FLATTEN': None}, {'DENSE': [128, 'relu']}, {'DENSE': [10, 'softmax']}]",SPC,L_CHANGE_TYPE,GA,5,0.560299993,1.215241671,1572603230,44.3044982,3632586,YJWV,CVUO,"[1, 0, 0, 1, 2, 1, 1, 2, 1, 1, 3, 0, 1, 1, 1, 2, -1, 0, 5, 1, 0, 5, 0, 3]","[1, 2, 1, 1, 3, 1, 1, 2, 0, 2, -1, 1, 1, 2, 0, 2, -1, 0, 5, 3, 0, 5, 0, 3]",NONE,2,8,-1,0,0,False
QCVY,2,2,1,False,False,"[1, 3, 1, 2, -1, 0, 1, 3, 0, 2, -1, 0, 1, 2, 1, 2, -1, 0, 5, 1, 0, 5, 0, 3]","[{'INP': 32}, {'CONV': [256, 5]}, {'POOLMAX': [-1, 2]}, {'CONV': [256, 3]}, {'POOLMAX': [-1, 2]}, {'CONV': [128, 5]}, {'POOLMAX': [-1, 2]}, {'FLATTEN': None}, {'DENSE': [128, 'relu']}, {'DENSE': [10, 'softmax']}]",SPC,L_CHANGE_TYPE,GA,5,0.702199996,0.875098825,223683934,19.75883961,1692426,NONE,NONE,NONE,NONE,NONE,-1,-1,-1,0,0,False
YJWV,2,2,1,False,False,"[1, 0, 0, 1, 2, 1, 1, 2, 1, 1, 3, 0, 1, 1, 1, 2, -1, 0, 5, 1, 0, 5, 0, 3]","[{'INP': 32}, {'CONV': [32, 3]}, {'CONV': [128, 5]}, {'CONV': [128, 5]}, {'CONV': [256, 3]}, {'CONV': [64, 5]}, {'POOLMAX': [-1, 2]}, {'FLATTEN': None}, {'DENSE': [128, 'relu']}, {'DENSE': [10, 'softmax']}]",SPC,L_CHANGE_TYPE,GA,5,0.662100017,0.952860355,1249035614,39.172014,3316554,NONE,NONE,NONE,NONE,NONE,-1,-1,-1,0,0,False
QCVY-YJWV(1),2,2,1,True,False,"[1, 3, 1, 2, -1, 0, 1, 3, 0, 2, -1, 0, 1, 1, 1, 2, -1, 0, 5, 1, 0, 5, 0, 3]","[{'INP': 32}, {'CONV': [256, 5]}, {'POOLMAX': [-1, 2]}, {'CONV': [256, 3]}, {'POOLMAX': [-1, 2]}, {'CONV': [64, 5]}, {'POOLMAX': [-1, 2]}, {'FLATTEN': None}, {'DENSE': [128, 'relu']}, {'DENSE': [10, 'softmax']}]",SPC,L_CHANGE_TYPE,GA,5,0.714299977,0.882167876,197334366,19.32729959,1151690,QCVY,YJWV,"[1, 3, 1, 2, -1, 0, 1, 3, 0, 2, -1, 0, 1, 2, 1, 2, -1, 0, 5, 1, 0, 5, 0, 3]","[1, 0, 0, 1, 2, 1, 1, 2, 1, 1, 3, 0, 1, 1, 1, 2, -1, 0, 5, 1, 0, 5, 0, 3]",NONE,1,9,-1,0,0,False
QCVY-YJWV(2),2,2,1,True,False,"[1, 0, 0, 1, 2, 1, 1, 2, 1, 1, 3, 0, 1, 2, 1, 2, -1, 0, 5, 1, 0, 5, 0, 3]","[{'INP': 32}, {'CONV': [32, 3]}, {'CONV': [128, 5]}, {'CONV': [128, 5]}, {'CONV': [256, 3]}, {'CONV': [128, 5]}, {'POOLMAX': [-1, 2]}, {'FLATTEN': None}, {'DENSE': [128, 'relu']}, {'DENSE': [10, 'softmax']}]",SPC,L_CHANGE_TYPE,GA,5,0.69749999,0.849528432,1670628702,44.21935534,5823370,QCVY,YJWV,"[1, 3, 1, 2, -1, 0, 1, 3, 0, 2, -1, 0, 1, 2, 1, 2, -1, 0, 5, 1, 0, 5, 0, 3]","[1, 0, 0, 1, 2, 1, 1, 2, 1, 1, 3, 0, 1, 1, 1, 2, -1, 0, 5, 1, 0, 5, 0, 3]",NONE,9,1,-1,0,0,False
SDVW-CVUO(1)[M],2,2,1,True,True,"[1, 0, 0, 2, -1, 0, 1, 1, 0, 2, -1, 1, 1, 2, 0, 2, -1, 0, 5, 3, 0, 5, 0, 3]","[{'INP': 32}, {'CONV': [32, 3]}, {'POOLMAX': [-1, 2]}, {'CONV': [64, 3]}, {'POOLMAX': [-1, 3]}, {'CONV': [128, 3]}, {'POOLMAX': [-1, 2]}, {'FLATTEN': None}, {'DENSE': [512, 'relu']}, {'DENSE': [10, 'softmax']}]",SPC,L_CHANGE_TYPE,GA,5,0.719200015,0.802590489,7764862,15.53987646,361034,NONE,NONE,NONE,NONE,"[1, 0, 0, 1, 1, 1, 1, 1, 0, 1, 3, 0, 1, 2, 0, 2, -1, 0, 5, 3, 0, 5, 0, 3]",-1,-1,6,1,0,False
SDVW-CVUO(2)[M],2,2,1,True,True,"[1, 2, 1, 2, -1, 0, 2, -1, 1, 2, -1, 1, 1, 2, 0, 1, 2, 0, 5, 1, 0, 5, 0, 3]","[{'INP': 32}, {'CONV': [128, 5]}, {'POOLMAX': [-1, 2]}, {'POOLMAX': [-1, 3]}, {'POOLMAX': [-1, 3]}, {'CONV': [128, 3]}, {'CONV': [128, 3]}, {'FLATTEN': None}, {'DENSE': [128, 'relu']}, {'DENSE': [10, 'softmax']}]",SPC,L_CHANGE_TYPE,GA,5,0.435900003,1.555208921,10289246,15.15022302,322698,NONE,NONE,NONE,NONE,"[1, 2, 1, 1, 3, 1, 1, 2, 0, 2, -1, 1, 1, 2, 0, 1, 2, 0, 5, 1, 0, 5, 0, 3]",-1,-1,6,1,1,False
YJWV-CVUO(1)[M],2,2,1,True,True,"[1, 0, 0, 1, 3, 1, 1, 2, 0, 2, -1, 1, 1, 2, 0, 2, -1, 0, 5, 3, 0, 5, 0, 3]","[{'INP': 32}, {'CONV': [32, 3]}, {'CONV': [256, 5]}, {'CONV': [128, 3]}, {'POOLMAX': [-1, 3]}, {'CONV': [128, 3]}, {'POOLMAX': [-1, 2]}, {'FLATTEN': None}, {'DENSE': [512, 'relu']}, {'DENSE': [10, 'softmax']}]",SPC,L_CHANGE_TYPE,GA,5,0.747200012,0.77740854,529262622,26.03591466,2292618,NONE,NONE,NONE,NONE,"[1, 0, 0, 1, 3, 1, 1, 2, 0, 2, -1, 1, 1, 2, 0, 2, -1, 0, 5, 3, 0, 5, 0, 3]",-1,-1,0,1,1,False
YJWV-CVUO(2)[M],2,2,1,True,True,"[1, 2, 1, 1, 2, 1, 1, 2, 1, 2, -1, 1, 1, 1, 1, 2, -1, 0, 5, 1, 0, 5, 0, 3]","[{'INP': 32}, {'CONV': [128, 5]}, {'CONV': [128, 5]}, {'CONV': [128, 5]}, {'POOLMAX': [-1, 3]}, {'CONV': [64, 5]}, {'POOLMAX': [-1, 2]}, {'FLATTEN': None}, {'DENSE': [128, 'relu']}, {'DENSE': [10, 'softmax']}]",SPC,L_CHANGE_TYPE,GA,5,0.716700017,0.819052815,869637982,29.10958695,1240266,NONE,NONE,NONE,NONE,"[1, 2, 1, 1, 2, 1, 1, 2, 1, 1, 3, 0, 1, 1, 1, 2, -1, 0, 5, 1, 0, 5, 0, 3]",-1,-1,3,1,1,False
QCVY-YJWV(1)[M],2,2,1,True,True,"[1, 3, 1, 2, -1, 0, 2, -1, 1, 2, -1, 0, 1, 1, 1, 2, -1, 0, 5, 1, 0, 5, 0, 3]","[{'INP': 32}, {'CONV': [256, 5]}, {'POOLMAX': [-1, 2]}, {'POOLMAX': [-1, 3]}, {'POOLMAX': [-1, 2]}, {'CONV': [64, 5]}, {'POOLMAX': [-1, 2]}, {'FLATTEN': None}, {'DENSE': [128, 'relu']}, {'DENSE': [10, 'softmax']}]",SPC,L_CHANGE_TYPE,GA,5,0.567900002,1.214277983,21602014,15.32369733,438730,NONE,NONE,NONE,NONE,"[1, 3, 1, 2, -1, 0, 1, 3, 0, 2, -1, 0, 1, 1, 1, 2, -1, 0, 5, 1, 0, 5, 0, 3]",-1,-1,3,1,2,False
QCVY-YJWV(2)[M],2,2,1,True,True,"[1, 0, 0, 2, -1, 1, 1, 2, 1, 1, 3, 0, 1, 2, 1, 2, -1, 0, 5, 1, 0, 5, 0, 3]","[{'INP': 32}, {'CONV': [32, 3]}, {'POOLMAX': [-1, 3]}, {'CONV': [128, 5]}, {'CONV': [256, 3]}, {'CONV': [128, 5]}, {'POOLMAX': [-1, 2]}, {'FLATTEN': None}, {'DENSE': [128, 'relu']}, {'DENSE': [10, 'softmax']}]",SPC,L_CHANGE_TYPE,GA,5,0.702400029,0.868999243,123009694,17.21338272,1628938,NONE,NONE,NONE,NONE,"[1, 0, 0, 1, 2, 1, 1, 2, 1, 1, 3, 0, 1, 2, 1, 2, -1, 0, 5, 1, 0, 5, 0, 3]",-1,-1,2,1,2,False
QCVY-YJWV(1)[M],2,2,2,False,False,"[1, 3, 1, 2, -1, 0, 2, -1, 1, 2, -1, 0, 1, 1, 1, 2, -1, 0, 5, 1, 0, 5, 0, 3]","[{'INP': 32}, {'CONV': [256, 5]}, {'POOLMAX': [-1, 2]}, {'POOLMAX': [-1, 3]}, {'POOLMAX': [-1, 2]}, {'CONV': [64, 5]}, {'POOLMAX': [-1, 2]}, {'FLATTEN': None}, {'DENSE': [128, 'relu']}, {'DENSE': [10, 'softmax']}]",SPC,L_CHANGE_TYPE,GA,5,0.567900002,1.214277983,21602014,15.32369733,438730,NONE,NONE,NONE,NONE,NONE,-1,-1,-1,0,0,False
SDVW-CVUO(2)[M],2,2,2,False,False,"[1, 2, 1, 2, -1, 0, 2, -1, 1, 2, -1, 1, 1, 2, 0, 1, 2, 0, 5, 1, 0, 5, 0, 3]","[{'INP': 32}, {'CONV': [128, 5]}, {'POOLMAX': [-1, 2]}, {'POOLMAX': [-1, 3]}, {'POOLMAX': [-1, 3]}, {'CONV': [128, 3]}, {'CONV': [128, 3]}, {'FLATTEN': None}, {'DENSE': [128, 'relu']}, {'DENSE': [10, 'softmax']}]",SPC,L_CHANGE_TYPE,GA,5,0.435900003,1.555208921,10289246,15.15022302,322698,NONE,NONE,NONE,NONE,NONE,-1,-1,-1,0,0,False
QCVY-YJWV(1)[M]-SDVW-CVUO(2)[M](1),2,2,2,True,False,"[1, 3, 1, 1, 1, 1, 1, 3, 1, 2, -1, 0, 1, 1, 1, 1, 2, 0, 5, 1, 0, 5, 0, 3]","[{'INP': 32}, {'CONV': [256, 5]}, {'CONV': [64, 5]}, {'CONV': [256, 5]}, {'POOLMAX': [-1, 2]}, {'CONV': [64, 5]}, {'CONV': [128, 3]}, {'FLATTEN': None}, {'DENSE': [128, 'relu']}, {'DENSE': [10, 'softmax']}]",SPC,L_CHANGE_TYPE,GA,5,0.665899992,1.050925016,986899806,36.82556558,5518218,QCVY-YJWV(1)[M],SDVW-CVUO(2)[M],"[1, 3, 1, 2, -1, 0, 2, -1, 1, 2, -1, 0, 1, 1, 1, 2, -1, 0, 5, 1, 0, 5, 0, 3]","[1, 2, 1, 2, -1, 0, 2, -1, 1, 2, -1, 1, 1, 2, 0, 1, 2, 0, 5, 1, 0, 5, 0, 3]",NONE,7,9,-1,0,0,False
QCVY-YJWV(1)[M]-SDVW-CVUO(2)[M](2),2,2,2,True,False,"[1, 2, 1, 1, 0, 0, 1, 2, 0, 2, -1, 1, 1, 2, 0, 2, -1, 0, 5, 1, 0, 5, 0, 3]","[{'INP': 32}, {'CONV': [128, 5]}, {'CONV': [32, 3]}, {'CONV': [128, 3]}, {'POOLMAX': [-1, 3]}, {'CONV': [128, 3]}, {'POOLMAX': [-1, 2]}, {'FLATTEN': None}, {'DENSE': [128, 'relu']}, {'DENSE': [10, 'softmax']}]",SPC,L_CHANGE_TYPE,GA,5,0.741599977,0.769898772,100702302,18.96690702,642218,QCVY-YJWV(1)[M],SDVW-CVUO(2)[M],"[1, 3, 1, 2, -1, 0, 2, -1, 1, 2, -1, 0, 1, 1, 1, 2, -1, 0, 5, 1, 0, 5, 0, 3]","[1, 2, 1, 2, -1, 0, 2, -1, 1, 2, -1, 1, 1, 2, 0, 1, 2, 0, 5, 1, 0, 5, 0, 3]",NONE,9,7,-1,0,0,False
SDVW-CVUO(1)[M],2,2,2,False,False,"[1, 0, 0, 2, -1, 0, 1, 1, 0, 2, -1, 1, 1, 2, 0, 2, -1, 0, 5, 3, 0, 5, 0, 3]","[{'INP': 32}, {'CONV': [32, 3]}, {'POOLMAX': [-1, 2]}, {'CONV': [64, 3]}, {'POOLMAX': [-1, 3]}, {'CONV': [128, 3]}, {'POOLMAX': [-1, 2]}, {'FLATTEN': None}, {'DENSE': [512, 'relu']}, {'DENSE': [10, 'softmax']}]",SPC,L_CHANGE_TYPE,GA,5,0.719200015,0.802590489,7764862,15.53987646,361034,NONE,NONE,NONE,NONE,NONE,-1,-1,-1,2,0,False
QCVY-YJWV(2)[M],2,2,2,False,False,"[1, 0, 0, 2, -1, 1, 1, 2, 1, 1, 3, 0, 1, 2, 1, 2, -1, 0, 5, 1, 0, 5, 0, 3]","[{'INP': 32}, {'CONV': [32, 3]}, {'POOLMAX': [-1, 3]}, {'CONV': [128, 5]}, {'CONV': [256, 3]}, {'CONV': [128, 5]}, {'POOLMAX': [-1, 2]}, {'FLATTEN': None}, {'DENSE': [128, 'relu']}, {'DENSE': [10, 'softmax']}]",SPC,L_CHANGE_TYPE,GA,5,0.702400029,0.868999243,123009694,17.21338272,1628938,NONE,NONE,NONE,NONE,NONE,-1,-1,-1,2,0,False
SDVW-CVUO(1)[M]-QCVY-YJWV(2)[M](1),2,2,2,True,False,"[1, 0, 0, 2, -1, 0, 1, 1, 0, 1, 3, 0, 1, 2, 1, 2, -1, 0, 5, 1, 0, 5, 0, 3]","[{'INP': 32}, {'CONV': [32, 3]}, {'POOLMAX': [-1, 2]}, {'CONV': [64, 3]}, {'CONV': [256, 3]}, {'CONV': [128, 5]}, {'POOLMAX': [-1, 2]}, {'FLATTEN': None}, {'DENSE': [128, 'relu']}, {'DENSE': [10, 'softmax']}]",SPC,L_CHANGE_TYPE,GA,5,0.751800001,0.762459397,254223710,18.70193291,2036426,SDVW-CVUO(1)[M],QCVY-YJWV(2)[M],"[1, 0, 0, 2, -1, 0, 1, 1, 0, 2, -1, 1, 1, 2, 0, 2, -1, 0, 5, 3, 0, 5, 0, 3]","[1, 0, 0, 2, -1, 1, 1, 2, 1, 1, 3, 0, 1, 2, 1, 2, -1, 0, 5, 1, 0, 5, 0, 3]",NONE,5,3,-1,2,0,False
SDVW-CVUO(1)[M]-QCVY-YJWV(2)[M](2),2,2,2,True,False,"[1, 0, 0, 2, -1, 1, 1, 2, 1, 2, -1, 1, 1, 2, 0, 2, -1, 0, 5, 3, 0, 5, 0, 3]","[{'INP': 32}, {'CONV': [32, 3]}, {'POOLMAX': [-1, 3]}, {'CONV': [128, 5]}, {'POOLMAX': [-1, 3]}, {'CONV': [128, 3]}, {'POOLMAX': [-1, 2]}, {'FLATTEN': None}, {'DENSE': [512, 'relu']}, {'DENSE': [10, 'softmax']}]",SPC,L_CHANGE_TYPE,GA,5,0.70569998,0.846492112,12565982,15.57099438,322186,SDVW-CVUO(1)[M],QCVY-YJWV(2)[M],"[1, 0, 0, 2, -1, 0, 1, 1, 0, 2, -1, 1, 1, 2, 0, 2, -1, 0, 5, 3, 0, 5, 0, 3]","[1, 0, 0, 2, -1, 1, 1, 2, 1, 1, 3, 0, 1, 2, 1, 2, -1, 0, 5, 1, 0, 5, 0, 3]",NONE,3,5,-1,2,0,False
SDVW-CVUO(2)[M],2,2,2,False,False,"[1, 2, 1, 2, -1, 0, 2, -1, 1, 2, -1, 1, 1, 2, 0, 1, 2, 0, 5, 1, 0, 5, 0, 3]","[{'INP': 32}, {'CONV': [128, 5]}, {'POOLMAX': [-1, 2]}, {'POOLMAX': [-1, 3]}, {'POOLMAX': [-1, 3]}, {'CONV': [128, 3]}, {'CONV': [128, 3]}, {'FLATTEN': None}, {'DENSE': [128, 'relu']}, {'DENSE': [10, 'softmax']}]",SPC,L_CHANGE_TYPE,GA,5,0.435900003,1.555208921,10289246,15.15022302,322698,NONE,NONE,NONE,NONE,NONE,-1,-1,-1,3,0,False
QCVY-YJWV(1)[M],2,2,2,False,False,"[1, 3, 1, 2, -1, 0, 2, -1, 1, 2, -1, 0, 1, 1, 1, 2, -1, 0, 5, 1, 0, 5, 0, 3]","[{'INP': 32}, {'CONV': [256, 5]}, {'POOLMAX': [-1, 2]}, {'POOLMAX': [-1, 3]}, {'POOLMAX': [-1, 2]}, {'CONV': [64, 5]}, {'POOLMAX': [-1, 2]}, {'FLATTEN': None}, {'DENSE': [128, 'relu']}, {'DENSE': [10, 'softmax']}]",SPC,L_CHANGE_TYPE,GA,5,0.567900002,1.214277983,21602014,15.32369733,438730,NONE,NONE,NONE,NONE,NONE,-1,-1,-1,3,0,False
SDVW-CVUO(2)[M]-QCVY-YJWV(1)[M](1),2,2,2,True,False,"[1, 2, 1, 1, 2, 1, 1, 3, 0, 2, -1, 0, 1, 1, 1, 2, -1, 0, 5, 1, 0, 5, 0, 3]","[{'INP': 32}, {'CONV': [128, 5]}, {'CONV': [128, 5]}, {'CONV': [256, 3]}, {'POOLMAX': [-1, 2]}, {'CONV': [64, 5]}, {'POOLMAX': [-1, 2]}, {'FLATTEN': None}, {'DENSE': [128, 'relu']}, {'DENSE': [10, 'softmax']}]",SPC,L_CHANGE_TYPE,GA,5,0.715900004,0.856141627,837043550,30.59308243,1649994,SDVW-CVUO(2)[M],QCVY-YJWV(1)[M],"[1, 2, 1, 2, -1, 0, 2, -1, 1, 2, -1, 1, 1, 2, 0, 1, 2, 0, 5, 1, 0, 5, 0, 3]","[1, 3, 1, 2, -1, 0, 2, -1, 1, 2, -1, 0, 1, 1, 1, 2, -1, 0, 5, 1, 0, 5, 0, 3]",NONE,11,7,-1,3,0,False
SDVW-CVUO(2)[M]-QCVY-YJWV(1)[M](2),2,2,2,True,False,"[1, 3, 1, 1, 3, 0, 1, 2, 0, 2, -1, 1, 1, 2, 0, 1, 2, 0, 5, 1, 0, 5, 0, 3]","[{'INP': 32}, {'CONV': [256, 5]}, {'CONV': [256, 3]}, {'CONV': [128, 3]}, {'POOLMAX': [-1, 3]}, {'CONV': [128, 3]}, {'CONV': [128, 3]}, {'FLATTEN': None}, {'DENSE': [128, 'relu']}, {'DENSE': [10, 'softmax']}]",SPC,L_CHANGE_TYPE,GA,5,0.714299977,0.848092854,957159518,33.88606215,2839562,SDVW-CVUO(2)[M],QCVY-YJWV(1)[M],"[1, 2, 1, 2, -1, 0, 2, -1, 1, 2, -1, 1, 1, 2, 0, 1, 2, 0, 5, 1, 0, 5, 0, 3]","[1, 3, 1, 2, -1, 0, 2, -1, 1, 2, -1, 0, 1, 1, 1, 2, -1, 0, 5, 1, 0, 5, 0, 3]",NONE,6,10,-1,3,0,False
QCVY-YJWV(1)[M]-SDVW-CVUO(2)[M](1)[M],2,2,2,True,True,"[1, 3, 1, 1, 1, 1, 1, 3, 1, 1, 1, 1, 1, 1, 1, 1, 2, 0, 5, 1, 0, 5, 0, 3]","[{'INP': 32}, {'CONV': [256, 5]}, {'CONV': [64, 5]}, {'CONV': [256, 5]}, {'CONV': [64, 5]}, {'CONV': [64, 5]}, {'CONV': [128, 3]}, {'FLATTEN': None}, {'DENSE': [128, 'relu']}, {'DENSE': [10, 'softmax']}]",SPC,L_CHANGE_TYPE,GA,5,0.626600027,1.229455709,1475511646,50.178406,18203594,NONE,NONE,NONE,NONE,"[1, 3, 1, 1, 1, 1, 1, 3, 1, 2, -1, 0, 1, 1, 1, 1, 2, 0, 5, 1, 0, 5, 0, 3]",-1,-1,3,5,0,False
QCVY-YJWV(1)[M]-SDVW-CVUO(2)[M](2)[M],2,2,2,True,True,"[1, 2, 1, 1, 0, 0, 1, 2, 0, 1, 2, 1, 1, 2, 0, 2, -1, 0, 5, 1, 0, 5, 0, 3]","[{'INP': 32}, {'CONV': [128, 5]}, {'CONV': [32, 3]}, {'CONV': [128, 3]}, {'CONV': [128, 5]}, {'CONV': [128, 3]}, {'POOLMAX': [-1, 2]}, {'FLATTEN': None}, {'DENSE': [128, 'relu']}, {'DENSE': [10, 'softmax']}]",SPC,L_CHANGE_TYPE,GA,5,0.677100003,0.992903292,660292958,29.77371144,4836650,NONE,NONE,NONE,NONE,"[1, 2, 1, 1, 0, 0, 1, 2, 0, 2, -1, 1, 1, 2, 0, 2, -1, 0, 5, 1, 0, 5, 0, 3]",-1,-1,2,5,0,False
SDVW-CVUO(1)[M]-QCVY-YJWV(2)[M](1)[M],2,2,2,True,True,"[1, 0, 0, 1, 3, 0, 1, 1, 0, 1, 3, 0, 1, 2, 1, 2, -1, 0, 5, 1, 0, 5, 0, 3]","[{'INP': 32}, {'CONV': [32, 3]}, {'CONV': [256, 3]}, {'CONV': [64, 3]}, {'CONV': [256, 3]}, {'CONV': [128, 5]}, {'POOLMAX': [-1, 2]}, {'FLATTEN': None}, {'DENSE': [128, 'relu']}, {'DENSE': [10, 'softmax']}]",SPC,L_CHANGE_TYPE,GA,5,0.690299988,0.869953513,1221870942,39.21911216,5385162,NONE,NONE,NONE,NONE,"[1, 0, 0, 2, -1, 0, 1, 1, 0, 1, 3, 0, 1, 2, 1, 2, -1, 0, 5, 1, 0, 5, 0, 3]",-1,-1,2,5,0,False
SDVW-CVUO(1)[M]-QCVY-YJWV(2)[M](2)[M],2,2,2,True,True,"[1, 0, 0, 2, -1, 1, 1, 2, 1, 2, -1, 1, 1, 2, 0, 2, -1, 0, 5, 3, 0, 5, 0, 3]","[{'INP': 32}, {'CONV': [32, 3]}, {'POOLMAX': [-1, 3]}, {'CONV': [128, 5]}, {'POOLMAX': [-1, 3]}, {'CONV': [128, 3]}, {'POOLMAX': [-1, 2]}, {'FLATTEN': None}, {'DENSE': [512, 'relu']}, {'DENSE': [10, 'softmax']}]",SPC,L_CHANGE_TYPE,GA,5,0.716799974,0.831588566,12565982,15.46060586,322186,NONE,NONE,NONE,NONE,"[1, 0, 0, 2, -1, 1, 1, 2, 1, 2, -1, 1, 1, 2, 0, 2, -1, 0, 5, 3, 0, 5, 0, 3]",-1,-1,0,5,0,False
SDVW-CVUO(2)[M]-QCVY-YJWV(1)[M](1)[M],2,2,2,True,True,"[1, 2, 1, 1, 2, 1, 1, 3, 0, 2, -1, 0, 1, 1, 1, 2, -1, 0, 5, 1, 0, 5, 0, 3]","[{'INP': 32}, {'CONV': [128, 5]}, {'CONV': [128, 5]}, {'CONV': [256, 3]}, {'POOLMAX': [-1, 2]}, {'CONV': [64, 5]}, {'POOLMAX': [-1, 2]}, {'FLATTEN': None}, {'DENSE': [128, 'relu']}, {'DENSE': [10, 'softmax']}]",SPC,L_CHANGE_TYPE,GA,5,0.710500002,0.836614072,837043550,30.33717918,1649994,NONE,NONE,NONE,NONE,"[1, 2, 1, 1, 2, 1, 1, 3, 0, 2, -1, 0, 1, 1, 1, 2, -1, 0, 5, 1, 0, 5, 0, 3]",-1,-1,0,5,1,False
SDVW-CVUO(2)[M]-QCVY-YJWV(1)[M](2)[M],2,2,2,True,True,"[1, 3, 1, 1, 3, 0, 1, 2, 0, 2, -1, 1, 1, 2, 0, 2, -1, 1, 5, 1, 0, 5, 0, 3]","[{'INP': 32}, {'CONV': [256, 5]}, {'CONV': [256, 3]}, {'CONV': [128, 3]}, {'POOLMAX': [-1, 3]}, {'CONV': [128, 3]}, {'POOLMAX': [-1, 3]}, {'FLATTEN': None}, {'DENSE': [128, 'relu']}, {'DENSE': [10, 'softmax']}]",SPC,L_CHANGE_TYPE,GA,5,0.727599978,0.805899143,940921758,32.46437693,1201034,NONE,NONE,NONE,NONE,"[1, 3, 1, 1, 3, 0, 1, 2, 0, 2, -1, 1, 1, 2, 0, 1, 2, 0, 5, 1, 0, 5, 0, 3]",-1,-1,3,5,1,False
SDVW-CVUO(2)[M]-QCVY-YJWV(1)[M](2)[M],2,2,3,False,False,"[1, 3, 1, 1, 3, 0, 1, 2, 0, 2, -1, 1, 1, 2, 0, 2, -1, 1, 5, 1, 0, 5, 0, 3]","[{'INP': 32}, {'CONV': [256, 5]}, {'CONV': [256, 3]}, {'CONV': [128, 3]}, {'POOLMAX': [-1, 3]}, {'CONV': [128, 3]}, {'POOLMAX': [-1, 3]}, {'FLATTEN': None}, {'DENSE': [128, 'relu']}, {'DENSE': [10, 'softmax']}]",SPC,L_CHANGE_TYPE,GA,5,0.727599978,0.805899143,940921758,32.46437693,1201034,NONE,NONE,NONE,NONE,NONE,-1,-1,-1,0,0,False
QCVY-YJWV(1)[M]-SDVW-CVUO(2)[M](1)[M],2,2,3,False,False,"[1, 3, 1, 1, 1, 1, 1, 3, 1, 1, 1, 1, 1, 1, 1, 1, 2, 0, 5, 1, 0, 5, 0, 3]","[{'INP': 32}, {'CONV': [256, 5]}, {'CONV': [64, 5]}, {'CONV': [256, 5]}, {'CONV': [64, 5]}, {'CONV': [64, 5]}, {'CONV': [128, 3]}, {'FLATTEN': None}, {'DENSE': [128, 'relu']}, {'DENSE': [10, 'softmax']}]",SPC,L_CHANGE_TYPE,GA,5,0.626600027,1.229455709,1475511646,50.178406,18203594,NONE,NONE,NONE,NONE,NONE,-1,-1,-1,0,0,False
SDVW-CVUO(2)[M]-QCVY-YJWV(1)[M](2)[M]-QCVY-YJWV(1)[M]-SDVW-CVUO(2)[M](1)[M](1),2,2,3,True,False,"[1, 3, 1, 1, 3, 0, 1, 2, 0, 2, -1, 1, 1, 2, 0, 1, 2, 0, 5, 1, 0, 5, 0, 3]","[{'INP': 32}, {'CONV': [256, 5]}, {'CONV': [256, 3]}, {'CONV': [128, 3]}, {'POOLMAX': [-1, 3]}, {'CONV': [128, 3]}, {'CONV': [128, 3]}, {'FLATTEN': None}, {'DENSE': [128, 'relu']}, {'DENSE': [10, 'softmax']}]",SPC,L_CHANGE_TYPE,GA,5,0.724300027,0.841529906,957159518,33.96475077,2839562,SDVW-CVUO(2)[M]-QCVY-YJWV(1)[M](2)[M],QCVY-YJWV(1)[M]-SDVW-CVUO(2)[M](1)[M],"[1, 3, 1, 1, 3, 0, 1, 2, 0, 2, -1, 1, 1, 2, 0, 2, -1, 1, 5, 1, 0, 5, 0, 3]","[1, 3, 1, 1, 1, 1, 1, 3, 1, 1, 1, 1, 1, 1, 1, 1, 2, 0, 5, 1, 0, 5, 0, 3]",NONE,3,8,-1,0,0,False
SDVW-CVUO(2)[M]-QCVY-YJWV(1)[M](2)[M]-QCVY-YJWV(1)[M]-SDVW-CVUO(2)[M](1)[M](2),2,2,3,True,False,"[1, 3, 1, 1, 1, 1, 1, 3, 1, 1, 1, 1, 1, 1, 1, 2, -1, 1, 5, 1, 0, 5, 0, 3]","[{'INP': 32}, {'CONV': [256, 5]}, {'CONV': [64, 5]}, {'CONV': [256, 5]}, {'CONV': [64, 5]}, {'CONV': [64, 5]}, {'POOLMAX': [-1, 3]}, {'FLATTEN': None}, {'DENSE': [128, 'relu']}, {'DENSE': [10, 'softmax']}]",SPC,L_CHANGE_TYPE,GA,5,0.646000028,1.023940802,1384019422,43.98031354,2171722,SDVW-CVUO(2)[M]-QCVY-YJWV(1)[M](2)[M],QCVY-YJWV(1)[M]-SDVW-CVUO(2)[M](1)[M],"[1, 3, 1, 1, 3, 0, 1, 2, 0, 2, -1, 1, 1, 2, 0, 2, -1, 1, 5, 1, 0, 5, 0, 3]","[1, 3, 1, 1, 1, 1, 1, 3, 1, 1, 1, 1, 1, 1, 1, 1, 2, 0, 5, 1, 0, 5, 0, 3]",NONE,8,3,-1,0,0,False
SDVW-CVUO(2)[M]-QCVY-YJWV(1)[M](2)[M],2,2,3,False,False,"[1, 3, 1, 1, 3, 0, 1, 2, 0, 2, -1, 1, 1, 2, 0, 2, -1, 1, 5, 1, 0, 5, 0, 3]","[{'INP': 32}, {'CONV': [256, 5]}, {'CONV': [256, 3]}, {'CONV': [128, 3]}, {'POOLMAX': [-1, 3]}, {'CONV': [128, 3]}, {'POOLMAX': [-1, 3]}, {'FLATTEN': None}, {'DENSE': [128, 'relu']}, {'DENSE': [10, 'softmax']}]",SPC,L_CHANGE_TYPE,GA,5,0.727599978,0.805899143,940921758,32.46437693,1201034,NONE,NONE,NONE,NONE,NONE,-1,-1,-1,0,0,False
SDVW-CVUO(1)[M]-QCVY-YJWV(2)[M](2)[M],2,2,3,False,False,"[1, 0, 0, 2, -1, 1, 1, 2, 1, 2, -1, 1, 1, 2, 0, 2, -1, 0, 5, 3, 0, 5, 0, 3]","[{'INP': 32}, {'CONV': [32, 3]}, {'POOLMAX': [-1, 3]}, {'CONV': [128, 5]}, {'POOLMAX': [-1, 3]}, {'CONV': [128, 3]}, {'POOLMAX': [-1, 2]}, {'FLATTEN': None}, {'DENSE': [512, 'relu']}, {'DENSE': [10, 'softmax']}]",SPC,L_CHANGE_TYPE,GA,5,0.716799974,0.831588566,12565982,15.46060586,322186,NONE,NONE,NONE,NONE,NONE,-1,-1,-1,0,0,False
SDVW-CVUO(2)[M]-QCVY-YJWV(1)[M](2)[M]-SDVW-CVUO(1)[M]-QCVY-YJWV(2)[M](2)[M](1),2,2,3,True,False,"[1, 3, 1, 1, 3, 0, 1, 2, 0, 2, -1, 1, 1, 2, 0, 2, -1, 0, 5, 3, 0, 5, 0, 3]","[{'INP': 32}, {'CONV': [256, 5]}, {'CONV': [256, 3]}, {'CONV': [128, 3]}, {'POOLMAX': [-1, 3]}, {'CONV': [128, 3]}, {'POOLMAX': [-1, 2]}, {'FLATTEN': None}, {'DENSE': [512, 'relu']}, {'DENSE': [10, 'softmax']}]",SPC,L_CHANGE_TYPE,GA,5,0.731899977,0.846636593,942417950,32.63796115,2696202,SDVW-CVUO(2)[M]-QCVY-YJWV(1)[M](2)[M],SDVW-CVUO(1)[M]-QCVY-YJWV(2)[M](2)[M],"[1, 3, 1, 1, 3, 0, 1, 2, 0, 2, -1, 1, 1, 2, 0, 2, -1, 1, 5, 1, 0, 5, 0, 3]","[1, 0, 0, 2, -1, 1, 1, 2, 1, 2, -1, 1, 1, 2, 0, 2, -1, 0, 5, 3, 0, 5, 0, 3]",NONE,2,6,-1,0,0,False
SDVW-CVUO(2)[M]-QCVY-YJWV(1)[M](2)[M]-SDVW-CVUO(1)[M]-QCVY-YJWV(2)[M](2)[M](2),2,2,3,True,False,"[1, 0, 0, 2, -1, 1, 1, 2, 1, 2, -1, 1, 1, 2, 0, 2, -1, 1, 5, 1, 0, 5, 0, 3]","[{'INP': 32}, {'CONV': [32, 3]}, {'POOLMAX': [-1, 3]}, {'CONV': [128, 5]}, {'POOLMAX': [-1, 3]}, {'CONV': [128, 3]}, {'POOLMAX': [-1, 3]}, {'FLATTEN': None}, {'DENSE': [128, 'relu']}, {'DENSE': [10, 'softmax']}]",SPC,L_CHANGE_TYPE,GA,5,0.712499976,0.846722066,12513118,15.3171618,268810,SDVW-CVUO(2)[M]-QCVY-YJWV(1)[M](2)[M],SDVW-CVUO(1)[M]-QCVY-YJWV(2)[M](2)[M],"[1, 3, 1, 1, 3, 0, 1, 2, 0, 2, -1, 1, 1, 2, 0, 2, -1, 1, 5, 1, 0, 5, 0, 3]","[1, 0, 0, 2, -1, 1, 1, 2, 1, 2, -1, 1, 1, 2, 0, 2, -1, 0, 5, 3, 0, 5, 0, 3]",NONE,6,2,-1,0,0,False
QCVY-YJWV(1)[M]-SDVW-CVUO(2)[M](2)[M],2,2,3,False,False,"[1, 2, 1, 1, 0, 0, 1, 2, 0, 1, 2, 1, 1, 2, 0, 2, -1, 0, 5, 1, 0, 5, 0, 3]","[{'INP': 32}, {'CONV': [128, 5]}, {'CONV': [32, 3]}, {'CONV': [128, 3]}, {'CONV': [128, 5]}, {'CONV': [128, 3]}, {'POOLMAX': [-1, 2]}, {'FLATTEN': None}, {'DENSE': [128, 'relu']}, {'DENSE': [10, 'softmax']}]",SPC,L_CHANGE_TYPE,GA,5,0.677100003,0.992903292,660292958,29.77371144,4836650,NONE,NONE,NONE,NONE,NONE,-1,-1,-1,1,0,False
SDVW-CVUO(2)[M]-QCVY-YJWV(1)[M](1)[M],2,2,3,False,False,"[1, 2, 1, 1, 2, 1, 1, 3, 0, 2, -1, 0, 1, 1, 1, 2, -1, 0, 5, 1, 0, 5, 0, 3]","[{'INP': 32}, {'CONV': [128, 5]}, {'CONV': [128, 5]}, {'CONV': [256, 3]}, {'POOLMAX': [-1, 2]}, {'CONV': [64, 5]}, {'POOLMAX': [-1, 2]}, {'FLATTEN': None}, {'DENSE': [128, 'relu']}, {'DENSE': [10, 'softmax']}]",SPC,L_CHANGE_TYPE,GA,5,0.710500002,0.836614072,837043550,30.33717918,1649994,NONE,NONE,NONE,NONE,NONE,-1,-1,-1,1,0,False
QCVY-YJWV(1)[M]-SDVW-CVUO(2)[M](2)[M]-SDVW-CVUO(2)[M]-QCVY-YJWV(1)[M](1)[M](1),2,2,3,True,False,"[1, 2, 1, 1, 0, 0, 1, 2, 0, 1, 2, 1, 1, 1, 1, 2, -1, 0, 5, 1, 0, 5, 0, 3]","[{'INP': 32}, {'CONV': [128, 5]}, {'CONV': [32, 3]}, {'CONV': [128, 3]}, {'CONV': [128, 5]}, {'CONV': [64, 5]}, {'POOLMAX': [-1, 2]}, {'FLATTEN': None}, {'DENSE': [128, 'relu']}, {'DENSE': [10, 'softmax']}]",SPC,L_CHANGE_TYPE,GA,5,0.665499985,0.990287781,716850526,30.50060511,2796778,QCVY-YJWV(1)[M]-SDVW-CVUO(2)[M](2)[M],SDVW-CVUO(2)[M]-QCVY-YJWV(1)[M](1)[M],"[1, 2, 1, 1, 0, 0, 1, 2, 0, 1, 2, 1, 1, 2, 0, 2, -1, 0, 5, 1, 0, 5, 0, 3]","[1, 2, 1, 1, 2, 1, 1, 3, 0, 2, -1, 0, 1, 1, 1, 2, -1, 0, 5, 1, 0, 5, 0, 3]",NONE,2,6,-1,1,0,False
QCVY-YJWV(1)[M]-SDVW-CVUO(2)[M](2)[M]-SDVW-CVUO(2)[M]-QCVY-YJWV(1)[M](1)[M](2),2,2,3,True,False,"[1, 2, 1, 1, 2, 1, 1, 3, 0, 2, -1, 0, 1, 2, 0, 2, -1, 0, 5, 1, 0, 5, 0, 3]","[{'INP': 32}, {'CONV': [128, 5]}, {'CONV': [128, 5]}, {'CONV': [256, 3]}, {'POOLMAX': [-1, 2]}, {'CONV': [128, 3]}, {'POOLMAX': [-1, 2]}, {'FLATTEN': None}, {'DENSE': [128, 'relu']}, {'DENSE': [10, 'softmax']}]",SPC,L_CHANGE_TYPE,GA,5,0.721700013,0.825667381,808224094,30.31334186,2059658,QCVY-YJWV(1)[M]-SDVW-CVUO(2)[M](2)[M],SDVW-CVUO(2)[M]-QCVY-YJWV(1)[M](1)[M],"[1, 2, 1, 1, 0, 0, 1, 2, 0, 1, 2, 1, 1, 2, 0, 2, -1, 0, 5, 1, 0, 5, 0, 3]","[1, 2, 1, 1, 2, 1, 1, 3, 0, 2, -1, 0, 1, 1, 1, 2, -1, 0, 5, 1, 0, 5, 0, 3]",NONE,6,2,-1,1,0,False
SDVW-CVUO(2)[M]-QCVY-YJWV(1)[M](2)[M]-QCVY-YJWV(1)[M]-SDVW-CVUO(2)[M](1)[M](1)[M],2,2,3,True,True,"[1, 3, 1, 1, 3, 0, 2, -1, 0, 1, 3, 1, 1, 2, 0, 2, -1, 1, 5, 1, 0, 5, 0, 3]","[{'INP': 32}, {'CONV': [256, 5]}, {'CONV': [256, 3]}, {'POOLMAX': [-1, 2]}, {'CONV': [256, 5]}, {'CONV': [128, 3]}, {'POOLMAX': [-1, 3]}, {'FLATTEN': None}, {'DENSE': [128, 'relu']}, {'DENSE': [10, 'softmax']}]",SPC,L_CHANGE_TYPE,GA,5,0.733799994,0.775759459,1119436190,35.28077936,2954250,NONE,NONE,NONE,NONE,"[1, 3, 1, 1, 3, 0, 1, 2, 0, 2, -1, 1, 1, 2, 0, 1, 2, 0, 5, 1, 0, 5, 0, 3]",-1,-1,7,2,0,False
SDVW-CVUO(2)[M]-QCVY-YJWV(1)[M](2)[M]-QCVY-YJWV(1)[M]-SDVW-CVUO(2)[M](1)[M](2)[M],2,2,3,True,True,"[1, 3, 1, 1, 1, 1, 2, -1, 1, 1, 1, 1, 1, 1, 1, 2, -1, 1, 5, 1, 0, 5, 0, 3]","[{'INP': 32}, {'CONV': [256, 5]}, {'CONV': [64, 5]}, {'POOLMAX': [-1, 3]}, {'CONV': [64, 5]}, {'CONV': [64, 5]}, {'POOLMAX': [-1, 3]}, {'FLATTEN': None}, {'DENSE': [128, 'relu']}, {'DENSE': [10, 'softmax']}]",SPC,L_CHANGE_TYPE,GA,5,0.666199982,0.966565013,459847934,26.06684923,709194,NONE,NONE,NONE,NONE,"[1, 3, 1, 1, 1, 1, 1, 3, 1, 1, 1, 1, 1, 1, 1, 2, -1, 1, 5, 1, 0, 5, 0, 3]",-1,-1,2,2,1,False
SDVW-CVUO(2)[M]-QCVY-YJWV(1)[M](2)[M]-SDVW-CVUO(1)[M]-QCVY-YJWV(2)[M](2)[M](1)[M],2,2,3,True,True,"[1, 3, 1, 2, -1, 1, 1, 2, 0, 1, 2, 1, 1, 2, 0, 2, -1, 0, 5, 3, 0, 5, 0, 3]","[{'INP': 32}, {'CONV': [256, 5]}, {'POOLMAX': [-1, 3]}, {'CONV': [128, 3]}, {'CONV': [128, 5]}, {'CONV': [128, 3]}, {'POOLMAX': [-1, 2]}, {'FLATTEN': None}, {'DENSE': [512, 'relu']}, {'DENSE': [10, 'softmax']}]",SPC,L_CHANGE_TYPE,GA,5,0.716499984,0.820575118,106773278,19.03167701,2515850,NONE,NONE,NONE,NONE,"[1, 3, 1, 1, 3, 0, 1, 2, 0, 2, -1, 1, 1, 2, 0, 2, -1, 0, 5, 3, 0, 5, 0, 3]",-1,-1,5,2,2,False
SDVW-CVUO(2)[M]-QCVY-YJWV(1)[M](2)[M]-SDVW-CVUO(1)[M]-QCVY-YJWV(2)[M](2)[M](2)[M],2,2,3,True,True,"[1, 0, 0, 1, 3, 0, 1, 2, 1, 2, -1, 1, 1, 2, 0, 1, 1, 0, 5, 1, 0, 5, 0, 3]","[{'INP': 32}, {'CONV': [32, 3]}, {'CONV': [256, 3]}, {'CONV': [128, 5]}, {'POOLMAX': [-1, 3]}, {'CONV': [128, 3]}, {'CONV': [64, 3]}, {'FLATTEN': None}, {'DENSE': [128, 'relu']}, {'DENSE': [10, 'softmax']}]",SPC,L_CHANGE_TYPE,GA,5,0.759899974,0.759011507,938462174,32.49272108,1936202,NONE,NONE,NONE,NONE,"[1, 0, 0, 2, -1, 1, 1, 2, 1, 2, -1, 1, 1, 2, 0, 2, -1, 1, 5, 1, 0, 5, 0, 3]",-1,-1,6,2,2,False
QCVY-YJWV(1)[M]-SDVW-CVUO(2)[M](2)[M]-SDVW-CVUO(2)[M]-QCVY-YJWV(1)[M](1)[M](1)[M],2,2,3,True,True,"[1, 2, 1, 1, 0, 0, 2, -1, 0, 1, 2, 1, 2, -1, 1, 2, -1, 0, 5, 1, 0, 5, 0, 3]","[{'INP': 32}, {'CONV': [128, 5]}, {'CONV': [32, 3]}, {'POOLMAX': [-1, 2]}, {'CONV': [128, 5]}, {'POOLMAX': [-1, 3]}, {'POOLMAX': [-1, 2]}, {'FLATTEN': None}, {'DENSE': [128, 'relu']}, {'DENSE': [10, 'softmax']}]",SPC,L_CHANGE_TYPE,GA,5,0.707300007,0.857622385,73990558,16.59019804,216106,NONE,NONE,NONE,NONE,"[1, 2, 1, 1, 0, 0, 1, 2, 0, 1, 2, 1, 1, 1, 1, 2, -1, 0, 5, 1, 0, 5, 0, 3]",-1,-1,4,2,3,False
QCVY-YJWV(1)[M]-SDVW-CVUO(2)[M](2)[M]-SDVW-CVUO(2)[M]-QCVY-YJWV(1)[M](1)[M](2)[M],2,2,3,True,True,"[1, 2, 1, 2, -1, 1, 2, -1, 0, 2, -1, 0, 2, -1, 1, 2, -1, 0, 5, 1, 0, 5, 0, 3]","[{'INP': 32}, {'CONV': [128, 5]}, {'POOLMAX': [-1, 3]}, {'POOLMAX': [-1, 2]}, {'POOLMAX': [-1, 2]}, {'POOLMAX': [-1, 3]}, {'POOLMAX': [-1, 2]}, {'FLATTEN': None}, {'DENSE': [128, 'relu']}, {'DENSE': [10, 'softmax']}]",SPC,L_CHANGE_TYPE,GA,5,0.639299989,1.522175431,1620956446,67.1789794,135675754,NONE,NONE,NONE,NONE,"[1, 2, 1, 1, 2, 1, 1, 3, 0, 2, -1, 0, 1, 2, 0, 2, -1, 0, 5, 1, 0, 5, 0, 3]",-1,-1,7,2,4,True
RZJK,3,3,1,False,False,"[1, 3, 0, 1, 0, 0, 1, 0, 0, 1, 2, 1, 1, 2, 0, 2, -1, 1, 5, 3, 0, 5, 0, 3]","[{'INP': 32}, {'CONV': [256, 3]}, {'CONV': [32, 3]}, {'CONV': [32, 3]}, {'CONV': [128, 5]}, {'CONV': [128, 3]}, {'POOLMAX': [-1, 3]}, {'FLATTEN': None}, {'DENSE': [512, 'relu']}, {'DENSE': [10, 'softmax']}]",SPC,L_CHANGE_TYPE,GA,5,0.734300017,0.898258209,354776606,27.62599635,6899530,NONE,NONE,NONE,NONE,NONE,-1,-1,-1,0,0,False
UCNY,3,3,1,False,False,"[1, 0, 0, 1, 1, 0, 1, 3, 1, 1, 3, 1, 1, 0, 0, 2, -1, 0, 5, 2, 0, 5, 0, 3]","[{'INP': 32}, {'CONV': [32, 3]}, {'CONV': [64, 3]}, {'CONV': [256, 5]}, {'CONV': [256, 5]}, {'CONV': [32, 3]}, {'POOLMAX': [-1, 2]}, {'FLATTEN': None}, {'DENSE': [256, 'relu']}, {'DENSE': [10, 'softmax']}]",SPC,L_CHANGE_TYPE,GA,5,0.735899985,0.850913167,2194852510,51.47926474,4241642,NONE,NONE,NONE,NONE,NONE,-1,-1,-1,0,0,False
RZJK-UCNY(1),3,3,1,True,False,"[1, 3, 0, 1, 1, 0, 1, 3, 1, 1, 3, 1, 1, 0, 0, 2, -1, 0, 5, 2, 0, 5, 0, 3]","[{'INP': 32}, {'CONV': [256, 3]}, {'CONV': [64, 3]}, {'CONV': [256, 5]}, {'CONV': [256, 5]}, {'CONV': [32, 3]}, {'POOLMAX': [-1, 2]}, {'FLATTEN': None}, {'DENSE': [256, 'relu']}, {'DENSE': [10, 'softmax']}]",SPC,L_CHANGE_TYPE,GA,5,0.664699972,1.065242767,2333280926,56.21344948,4376938,RZJK,UCNY,"[1, 3, 0, 1, 0, 0, 1, 0, 0, 1, 2, 1, 1, 2, 0, 2, -1, 1, 5, 3, 0, 5, 0, 3]","[1, 0, 0, 1, 1, 0, 1, 3, 1, 1, 3, 1, 1, 0, 0, 2, -1, 0, 5, 2, 0, 5, 0, 3]",NONE,7,1,-1,0,0,False
RZJK-UCNY(2),3,3,1,True,False,"[1, 0, 0, 1, 0, 0, 1, 0, 0, 1, 2, 1, 1, 2, 0, 2, -1, 1, 5, 3, 0, 5, 0, 3]","[{'INP': 32}, {'CONV': [32, 3]}, {'CONV': [32, 3]}, {'CONV': [32, 3]}, {'CONV': [128, 5]}, {'CONV': [128, 3]}, {'POOLMAX': [-1, 3]}, {'FLATTEN': None}, {'DENSE': [512, 'relu']}, {'DENSE': [10, 'softmax']}]",SPC,L_CHANGE_TYPE,GA,5,0.73269999,0.856628537,282408478,23.15489697,6828746,RZJK,UCNY,"[1, 3, 0, 1, 0, 0, 1, 0, 0, 1, 2, 1, 1, 2, 0, 2, -1, 1, 5, 3, 0, 5, 0, 3]","[1, 0, 0, 1, 1, 0, 1, 3, 1, 1, 3, 1, 1, 0, 0, 2, -1, 0, 5, 2, 0, 5, 0, 3]",NONE,1,7,-1,0,0,False
AEMF,3,3,1,False,False,"[1, 3, 0, 2, -1, 0, 1, 2, 1, 2, -1, 0, 1, 3, 1, 1, 0, 1, 5, 3, 0, 5, 0, 3]","[{'INP': 32}, {'CONV': [256, 3]}, {'POOLMAX': [-1, 2]}, {'CONV': [128, 5]}, {'POOLMAX': [-1, 2]}, {'CONV': [256, 5]}, {'CONV': [32, 5]}, {'FLATTEN': None}, {'DENSE': [512, 'relu']}, {'DENSE': [10, 'softmax']}]",SPC,L_CHANGE_TYPE,GA,5,0.70450002,0.848497868,283687198,21.50735378,2905002,NONE,NONE,NONE,NONE,NONE,-1,-1,-1,0,0,False
UCNY,3,3,1,False,False,"[1, 0, 0, 1, 1, 0, 1, 3, 1, 1, 3, 1, 1, 0, 0, 2, -1, 0, 5, 2, 0, 5, 0, 3]","[{'INP': 32}, {'CONV': [32, 3]}, {'CONV': [64, 3]}, {'CONV': [256, 5]}, {'CONV': [256, 5]}, {'CONV': [32, 3]}, {'POOLMAX': [-1, 2]}, {'FLATTEN': None}, {'DENSE': [256, 'relu']}, {'DENSE': [10, 'softmax']}]",SPC,L_CHANGE_TYPE,GA,5,0.735899985,0.850913167,2194852510,51.47926474,4241642,NONE,NONE,NONE,NONE,NONE,-1,-1,-1,0,0,False
AEMF-UCNY(1),3,3,1,True,False,"[1, 3, 0, 2, -1, 0, 1, 2, 1, 2, -1, 0, 1, 3, 1, 2, -1, 0, 5, 2, 0, 5, 0, 3]","[{'INP': 32}, {'CONV': [256, 3]}, {'POOLMAX': [-1, 2]}, {'CONV': [128, 5]}, {'POOLMAX': [-1, 2]}, {'CONV': [256, 5]}, {'POOLMAX': [-1, 2]}, {'FLATTEN': None}, {'DENSE': [256, 'relu']}, {'DENSE': [10, 'softmax']}]",SPC,L_CHANGE_TYPE,GA,5,0.708400011,0.86405164,270584478,19.71410346,2697354,AEMF,UCNY,"[1, 3, 0, 2, -1, 0, 1, 2, 1, 2, -1, 0, 1, 3, 1, 1, 0, 1, 5, 3, 0, 5, 0, 3]","[1, 0, 0, 1, 1, 0, 1, 3, 1, 1, 3, 1, 1, 0, 0, 2, -1, 0, 5, 2, 0, 5, 0, 3]",NONE,4,9,-1,0,0,False
AEMF-UCNY(2),3,3,1,True,False,"[1, 0, 0, 1, 1, 0, 1, 3, 1, 1, 3, 1, 1, 0, 0, 1, 0, 1, 5, 3, 0, 5, 0, 3]","[{'INP': 32}, {'CONV': [32, 3]}, {'CONV': [64, 3]}, {'CONV': [256, 5]}, {'CONV': [256, 5]}, {'CONV': [32, 3]}, {'CONV': [32, 5]}, {'FLATTEN': None}, {'DENSE': [512, 'relu']}, {'DENSE': [10, 'softmax']}]",SPC,L_CHANGE_TYPE,GA,5,0.657899976,1.335388422,2235749662,54.95828414,18950154,AEMF,UCNY,"[1, 3, 0, 2, -1, 0, 1, 2, 1, 2, -1, 0, 1, 3, 1, 1, 0, 1, 5, 3, 0, 5, 0, 3]","[1, 0, 0, 1, 1, 0, 1, 3, 1, 1, 3, 1, 1, 0, 0, 2, -1, 0, 5, 2, 0, 5, 0, 3]",NONE,9,4,-1,0,0,False
NXOP,3,3,1,False,False,"[1, 3, 0, 2, -1, 1, 1, 1, 1, 1, 2, 0, 2, -1, 0, 1, 1, 1, 5, 3, 0, 5, 0, 3]","[{'INP': 32}, {'CONV': [256, 3]}, {'POOLMAX': [-1, 3]}, {'CONV': [64, 5]}, {'CONV': [128, 3]}, {'POOLMAX': [-1, 2]}, {'CONV': [64, 5]}, {'FLATTEN': None}, {'DENSE': [512, 'relu']}, {'DENSE': [10, 'softmax']}]",SPC,L_CHANGE_TYPE,GA,5,0.711399972,0.846959293,61618366,17.91672015,1520394,NONE,NONE,NONE,NONE,NONE,-1,-1,-1,0,0,False
RZJK,3,3,1,False,False,"[1, 3, 0, 1, 0, 0, 1, 0, 0, 1, 2, 1, 1, 2, 0, 2, -1, 1, 5, 3, 0, 5, 0, 3]","[{'INP': 32}, {'CONV': [256, 3]}, {'CONV': [32, 3]}, {'CONV': [32, 3]}, {'CONV': [128, 5]}, {'CONV': [128, 3]}, {'POOLMAX': [-1, 3]}, {'FLATTEN': None}, {'DENSE': [512, 'relu']}, {'DENSE': [10, 'softmax']}]",SPC,L_CHANGE_TYPE,GA,5,0.734300017,0.898258209,354776606,27.62599635,6899530,NONE,NONE,NONE,NONE,NONE,-1,-1,-1,0,0,False
NXOP-RZJK(1),3,3,1,True,False,"[1, 3, 0, 2, -1, 1, 1, 1, 1, 1, 2, 0, 1, 2, 0, 2, -1, 1, 5, 3, 0, 5, 0, 3]","[{'INP': 32}, {'CONV': [256, 3]}, {'POOLMAX': [-1, 3]}, {'CONV': [64, 5]}, {'CONV': [128, 3]}, {'CONV': [128, 3]}, {'POOLMAX': [-1, 3]}, {'FLATTEN': None}, {'DENSE': [512, 'relu']}, {'DENSE': [10, 'softmax']}]",SPC,L_CHANGE_TYPE,GA,5,0.718100011,0.822566688,71018974,17.76724887,1233738,NXOP,RZJK,"[1, 3, 0, 2, -1, 1, 1, 1, 1, 1, 2, 0, 2, -1, 0, 1, 1, 1, 5, 3, 0, 5, 0, 3]","[1, 3, 0, 1, 0, 0, 1, 0, 0, 1, 2, 1, 1, 2, 0, 2, -1, 1, 5, 3, 0, 5, 0, 3]",NONE,4,6,-1,0,0,False
NXOP-RZJK(2),3,3,1,True,False,"[1, 3, 0, 1, 0, 0, 1, 0, 0, 1, 2, 1, 2, -1, 0, 1, 1, 1, 5, 3, 0, 5, 0, 3]","[{'INP': 32}, {'CONV': [256, 3]}, {'CONV': [32, 3]}, {'CONV': [32, 3]}, {'CONV': [128, 5]}, {'POOLMAX': [-1, 2]}, {'CONV': [64, 5]}, {'FLATTEN': None}, {'DENSE': [512, 'relu']}, {'DENSE': [10, 'softmax']}]",SPC,L_CHANGE_TYPE,GA,5,0.706499994,0.89673692,257996062,25.28344536,8791818,NXOP,RZJK,"[1, 3, 0, 2, -1, 1, 1, 1, 1, 1, 2, 0, 2, -1, 0, 1, 1, 1, 5, 3, 0, 5, 0, 3]","[1, 3, 0, 1, 0, 0, 1, 0, 0, 1, 2, 1, 1, 2, 0, 2, -1, 1, 5, 3, 0, 5, 0, 3]",NONE,6,4,-1,0,0,False
RZJK-UCNY(1)[M],3,3,1,True,True,"[1, 3, 0, 1, 1, 0, 1, 3, 1, 1, 3, 1, 1, 0, 0, 2, -1, 0, 5, 2, 0, 5, 0, 3]","[{'INP': 32}, {'CONV': [256, 3]}, {'CONV': [64, 3]}, {'CONV': [256, 5]}, {'CONV': [256, 5]}, {'CONV': [32, 3]}, {'POOLMAX': [-1, 2]}, {'FLATTEN': None}, {'DENSE': [256, 'relu']}, {'DENSE': [10, 'softmax']}]",SPC,L_CHANGE_TYPE,GA,4,0.100000001,2.302595615,2333280926,44.77458,4376938,NONE,NONE,NONE,NONE,"[1, 3, 0, 1, 1, 0, 1, 3, 1, 1, 3, 1, 1, 0, 0, 2, -1, 0, 5, 2, 0, 5, 0, 3]",-1,-1,0,0,0,False
RZJK-UCNY(2)[M],3,3,1,True,True,"[1, 0, 0, 1, 0, 0, 1, 0, 0, 1, 2, 1, 1, 2, 0, 2, -1, 1, 5, 3, 0, 5, 0, 3]","[{'INP': 32}, {'CONV': [32, 3]}, {'CONV': [32, 3]}, {'CONV': [32, 3]}, {'CONV': [128, 5]}, {'CONV': [128, 3]}, {'POOLMAX': [-1, 3]}, {'FLATTEN': None}, {'DENSE': [512, 'relu']}, {'DENSE': [10, 'softmax']}]",SPC,L_CHANGE_TYPE,GA,5,0.733200014,0.902947545,282408478,23.32257438,6828746,NONE,NONE,NONE,NONE,"[1, 0, 0, 1, 0, 0, 1, 0, 0, 1, 2, 1, 1, 2, 0, 2, -1, 1, 5, 3, 0, 5, 0, 3]",-1,-1,0,0,0,False
AEMF-UCNY(1)[M],3,3,1,True,True,"[1, 3, 0, 2, -1, 0, 1, 2, 1, 2, -1, 0, 1, 3, 1, 2, -1, 0, 5, 2, 0, 5, 0, 3]","[{'INP': 32}, {'CONV': [256, 3]}, {'POOLMAX': [-1, 2]}, {'CONV': [128, 5]}, {'POOLMAX': [-1, 2]}, {'CONV': [256, 5]}, {'POOLMAX': [-1, 2]}, {'FLATTEN': None}, {'DENSE': [256, 'relu']}, {'DENSE': [10, 'softmax']}]",SPC,L_CHANGE_TYPE,GA,5,0.724699974,0.856750965,270584478,19.79030633,2697354,NONE,NONE,NONE,NONE,"[1, 3, 0, 2, -1, 0, 1, 2, 1, 2, -1, 0, 1, 3, 1, 2, -1, 0, 5, 2, 0, 5, 0, 3]",-1,-1,0,0,1,False
AEMF-UCNY(2)[M],3,3,1,True,True,"[1, 0, 0, 2, -1, 0, 1, 3, 1, 2, -1, 0, 1, 0, 0, 1, 0, 1, 5, 3, 0, 5, 0, 3]","[{'INP': 32}, {'CONV': [32, 3]}, {'POOLMAX': [-1, 2]}, {'CONV': [256, 5]}, {'POOLMAX': [-1, 2]}, {'CONV': [32, 3]}, {'CONV': [32, 5]}, {'FLATTEN': None}, {'DENSE': [512, 'relu']}, {'DENSE': [10, 'softmax']}]",SPC,L_CHANGE_TYPE,GA,5,0.73210001,0.785037339,60824862,17.0584209,1359562,NONE,NONE,NONE,NONE,"[1, 0, 0, 1, 1, 0, 1, 3, 1, 1, 3, 1, 1, 0, 0, 1, 0, 1, 5, 3, 0, 5, 0, 3]",-1,-1,5,0,2,False
NXOP-RZJK(1)[M],3,3,1,True,True,"[1, 3, 0, 2, -1, 1, 1, 1, 1, 1, 2, 0, 1, 2, 0, 2, -1, 1, 5, 3, 0, 5, 0, 3]","[{'INP': 32}, {'CONV': [256, 3]}, {'POOLMAX': [-1, 3]}, {'CONV': [64, 5]}, {'CONV': [128, 3]}, {'CONV': [128, 3]}, {'POOLMAX': [-1, 3]}, {'FLATTEN': None}, {'DENSE': [512, 'relu']}, {'DENSE': [10, 'softmax']}]",SPC,L_CHANGE_TYPE,GA,5,0.698899984,0.889568448,71018974,17.87356734,1233738,NONE,NONE,NONE,NONE,"[1, 3, 0, 2, -1, 1, 1, 1, 1, 1, 2, 0, 1, 2, 0, 2, -1, 1, 5, 3, 0, 5, 0, 3]",-1,-1,0,0,3,False
NXOP-RZJK(2)[M],3,3,1,True,True,"[1, 3, 0, 1, 0, 0, 2, -1, 0, 1, 2, 1, 2, -1, 0, 1, 1, 1, 5, 3, 0, 5, 0, 3]","[{'INP': 32}, {'CONV': [256, 3]}, {'CONV': [32, 3]}, {'POOLMAX': [-1, 2]}, {'CONV': [128, 5]}, {'POOLMAX': [-1, 2]}, {'CONV': [64, 5]}, {'FLATTEN': None}, {'DENSE': [512, 'relu']}, {'DENSE': [10, 'softmax']}]",SPC,L_CHANGE_TYPE,GA,5,0.731999993,0.807146788,124198174,20.24091363,2491114,NONE,NONE,NONE,NONE,"[1, 3, 0, 1, 0, 0, 1, 0, 0, 1, 2, 1, 2, -1, 0, 1, 1, 1, 5, 3, 0, 5, 0, 3]",-1,-1,2,0,3,False
RZJK-UCNY(2)[M],3,3,2,False,False,"[1, 0, 0, 1, 0, 0, 1, 0, 0, 1, 2, 1, 1, 2, 0, 2, -1, 1, 5, 3, 0, 5, 0, 3]","[{'INP': 32}, {'CONV': [32, 3]}, {'CONV': [32, 3]}, {'CONV': [32, 3]}, {'CONV': [128, 5]}, {'CONV': [128, 3]}, {'POOLMAX': [-1, 3]}, {'FLATTEN': None}, {'DENSE': [512, 'relu']}, {'DENSE': [10, 'softmax']}]",SPC,L_CHANGE_TYPE,GA,5,0.733200014,0.902947545,282408478,23.32257438,6828746,NONE,NONE,NONE,NONE,NONE,-1,-1,-1,0,0,False
NXOP-RZJK(1)[M],3,3,2,False,False,"[1, 3, 0, 2, -1, 1, 1, 1, 1, 1, 2, 0, 1, 2, 0, 2, -1, 1, 5, 3, 0, 5, 0, 3]","[{'INP': 32}, {'CONV': [256, 3]}, {'POOLMAX': [-1, 3]}, {'CONV': [64, 5]}, {'CONV': [128, 3]}, {'CONV': [128, 3]}, {'POOLMAX': [-1, 3]}, {'FLATTEN': None}, {'DENSE': [512, 'relu']}, {'DENSE': [10, 'softmax']}]",SPC,L_CHANGE_TYPE,GA,5,0.698899984,0.889568448,71018974,17.87356734,1233738,NONE,NONE,NONE,NONE,NONE,-1,-1,-1,0,0,False
RZJK-UCNY(2)[M]-NXOP-RZJK(1)[M](1),3,3,2,True,False,"[1, 0, 0, 2, -1, 1, 1, 1, 1, 1, 2, 0, 1, 2, 0, 2, -1, 1, 5, 3, 0, 5, 0, 3]","[{'INP': 32}, {'CONV': [32, 3]}, {'POOLMAX': [-1, 3]}, {'CONV': [64, 5]}, {'CONV': [128, 3]}, {'CONV': [128, 3]}, {'POOLMAX': [-1, 3]}, {'FLATTEN': None}, {'DENSE': [512, 'relu']}, {'DENSE': [10, 'softmax']}]",SPC,L_CHANGE_TYPE,GA,5,0.726700008,0.791031361,28770334,16.85652161,869066,RZJK-UCNY(2)[M],NXOP-RZJK(1)[M],"[1, 0, 0, 1, 0, 0, 1, 0, 0, 1, 2, 1, 1, 2, 0, 2, -1, 1, 5, 3, 0, 5, 0, 3]","[1, 3, 0, 2, -1, 1, 1, 1, 1, 1, 2, 0, 1, 2, 0, 2, -1, 1, 5, 3, 0, 5, 0, 3]",NONE,6,1,-1,0,0,False
RZJK-UCNY(2)[M]-NXOP-RZJK(1)[M](2),3,3,2,True,False,"[1, 3, 0, 1, 0, 0, 1, 0, 0, 1, 2, 1, 1, 2, 0, 2, -1, 1, 5, 3, 0, 5, 0, 3]","[{'INP': 32}, {'CONV': [256, 3]}, {'CONV': [32, 3]}, {'CONV': [32, 3]}, {'CONV': [128, 5]}, {'CONV': [128, 3]}, {'POOLMAX': [-1, 3]}, {'FLATTEN': None}, {'DENSE': [512, 'relu']}, {'DENSE': [10, 'softmax']}]",SPC,L_CHANGE_TYPE,GA,5,0.721599996,0.957170606,354776606,27.4590323,6899530,RZJK-UCNY(2)[M],NXOP-RZJK(1)[M],"[1, 0, 0, 1, 0, 0, 1, 0, 0, 1, 2, 1, 1, 2, 0, 2, -1, 1, 5, 3, 0, 5, 0, 3]","[1, 3, 0, 2, -1, 1, 1, 1, 1, 1, 2, 0, 1, 2, 0, 2, -1, 1, 5, 3, 0, 5, 0, 3]",NONE,1,6,-1,0,0,False
NXOP-RZJK(2)[M],3,3,2,False,False,"[1, 3, 0, 1, 0, 0, 2, -1, 0, 1, 2, 1, 2, -1, 0, 1, 1, 1, 5, 3, 0, 5, 0, 3]","[{'INP': 32}, {'CONV': [256, 3]}, {'CONV': [32, 3]}, {'POOLMAX': [-1, 2]}, {'CONV': [128, 5]}, {'POOLMAX': [-1, 2]}, {'CONV': [64, 5]}, {'FLATTEN': None}, {'DENSE': [512, 'relu']}, {'DENSE': [10, 'softmax']}]",SPC,L_CHANGE_TYPE,GA,5,0.731999993,0.807146788,124198174,20.24091363,2491114,NONE,NONE,NONE,NONE,NONE,-1,-1,-1,0,0,False
AEMF-UCNY(1)[M],3,3,2,False,False,"[1, 3, 0, 2, -1, 0, 1, 2, 1, 2, -1, 0, 1, 3, 1, 2, -1, 0, 5, 2, 0, 5, 0, 3]","[{'INP': 32}, {'CONV': [256, 3]}, {'POOLMAX': [-1, 2]}, {'CONV': [128, 5]}, {'POOLMAX': [-1, 2]}, {'CONV': [256, 5]}, {'POOLMAX': [-1, 2]}, {'FLATTEN': None}, {'DENSE': [256, 'relu']}, {'DENSE': [10, 'softmax']}]",SPC,L_CHANGE_TYPE,GA,5,0.724699974,0.856750965,270584478,19.79030633,2697354,NONE,NONE,NONE,NONE,NONE,-1,-1,-1,0,0,False
NXOP-RZJK(2)[M]-AEMF-UCNY(1)[M](1),3,3,2,True,False,"[1, 3, 0, 1, 0, 0, 1, 2, 1, 2, -1, 0, 1, 3, 1, 2, -1, 0, 5, 2, 0, 5, 0, 3]","[{'INP': 32}, {'CONV': [256, 3]}, {'CONV': [32, 3]}, {'CONV': [128, 5]}, {'POOLMAX': [-1, 2]}, {'CONV': [256, 5]}, {'POOLMAX': [-1, 2]}, {'FLATTEN': None}, {'DENSE': [256, 'relu']}, {'DENSE': [10, 'softmax']}]",SPC,L_CHANGE_TYPE,GA,5,0.74119997,0.873496592,401689246,26.04734588,5200042,NXOP-RZJK(2)[M],AEMF-UCNY(1)[M],"[1, 3, 0, 1, 0, 0, 2, -1, 0, 1, 2, 1, 2, -1, 0, 1, 1, 1, 5, 3, 0, 5, 0, 3]","[1, 3, 0, 2, -1, 0, 1, 2, 1, 2, -1, 0, 1, 3, 1, 2, -1, 0, 5, 2, 0, 5, 0, 3]",NONE,13,2,-1,0,0,False
NXOP-RZJK(2)[M]-AEMF-UCNY(1)[M](2),3,3,2,True,False,"[1, 3, 0, 1, 2, 1, 2, -1, 0, 1, 2, 1, 2, -1, 0, 1, 1, 1, 5, 3, 0, 5, 0, 3]","[{'INP': 32}, {'CONV': [256, 3]}, {'CONV': [128, 5]}, {'POOLMAX': [-1, 2]}, {'CONV': [128, 5]}, {'POOLMAX': [-1, 2]}, {'CONV': [64, 5]}, {'FLATTEN': None}, {'DENSE': [512, 'relu']}, {'DENSE': [10, 'softmax']}]",SPC,L_CHANGE_TYPE,GA,5,0.713400006,0.890827715,966303006,31.08090925,3543882,NXOP-RZJK(2)[M],AEMF-UCNY(1)[M],"[1, 3, 0, 1, 0, 0, 2, -1, 0, 1, 2, 1, 2, -1, 0, 1, 1, 1, 5, 3, 0, 5, 0, 3]","[1, 3, 0, 2, -1, 0, 1, 2, 1, 2, -1, 0, 1, 3, 1, 2, -1, 0, 5, 2, 0, 5, 0, 3]",NONE,2,16,-1,0,0,False
NXOP-RZJK(2)[M],3,3,2,False,False,"[1, 3, 0, 1, 0, 0, 2, -1, 0, 1, 2, 1, 2, -1, 0, 1, 1, 1, 5, 3, 0, 5, 0, 3]","[{'INP': 32}, {'CONV': [256, 3]}, {'CONV': [32, 3]}, {'POOLMAX': [-1, 2]}, {'CONV': [128, 5]}, {'POOLMAX': [-1, 2]}, {'CONV': [64, 5]}, {'FLATTEN': None}, {'DENSE': [512, 'relu']}, {'DENSE': [10, 'softmax']}]",SPC,L_CHANGE_TYPE,GA,5,0.731999993,0.807146788,124198174,20.24091363,2491114,NONE,NONE,NONE,NONE,NONE,-1,-1,-1,1,0,False
RZJK-UCNY(2)[M],3,3,2,False,False,"[1, 0, 0, 1, 0, 0, 1, 0, 0, 1, 2, 1, 1, 2, 0, 2, -1, 1, 5, 3, 0, 5, 0, 3]","[{'INP': 32}, {'CONV': [32, 3]}, {'CONV': [32, 3]}, {'CONV': [32, 3]}, {'CONV': [128, 5]}, {'CONV': [128, 3]}, {'POOLMAX': [-1, 3]}, {'FLATTEN': None}, {'DENSE': [512, 'relu']}, {'DENSE': [10, 'softmax']}]",SPC,L_CHANGE_TYPE,GA,5,0.733200014,0.902947545,282408478,23.32257438,6828746,NONE,NONE,NONE,NONE,NONE,-1,-1,-1,1,0,False
NXOP-RZJK(2)[M]-RZJK-UCNY(2)[M](1),3,3,2,True,False,"[1, 3, 0, 1, 0, 0, 1, 0, 0, 1, 2, 1, 1, 2, 0, 2, -1, 1, 5, 3, 0, 5, 0, 3]","[{'INP': 32}, {'CONV': [256, 3]}, {'CONV': [32, 3]}, {'CONV': [32, 3]}, {'CONV': [128, 5]}, {'CONV': [128, 3]}, {'POOLMAX': [-1, 3]}, {'FLATTEN': None}, {'DENSE': [512, 'relu']}, {'DENSE': [10, 'softmax']}]",SPC,L_CHANGE_TYPE,GA,5,0.71359998,0.970757246,354776606,27.38920498,6899530,NXOP-RZJK(2)[M],RZJK-UCNY(2)[M],"[1, 3, 0, 1, 0, 0, 2, -1, 0, 1, 2, 1, 2, -1, 0, 1, 1, 1, 5, 3, 0, 5, 0, 3]","[1, 0, 0, 1, 0, 0, 1, 0, 0, 1, 2, 1, 1, 2, 0, 2, -1, 1, 5, 3, 0, 5, 0, 3]",NONE,6,1,-1,1,0,False
NXOP-RZJK(2)[M]-RZJK-UCNY(2)[M](2),3,3,2,True,False,"[1, 0, 0, 1, 0, 0, 2, -1, 0, 1, 2, 1, 2, -1, 0, 1, 1, 1, 5, 3, 0, 5, 0, 3]","[{'INP': 32}, {'CONV': [32, 3]}, {'CONV': [32, 3]}, {'POOLMAX': [-1, 2]}, {'CONV': [128, 5]}, {'POOLMAX': [-1, 2]}, {'CONV': [64, 5]}, {'FLATTEN': None}, {'DENSE': [512, 'relu']}, {'DENSE': [10, 'softmax']}]",SPC,L_CHANGE_TYPE,GA,5,0.752099991,0.773549438,51830046,16.750283,2420330,NXOP-RZJK(2)[M],RZJK-UCNY(2)[M],"[1, 3, 0, 1, 0, 0, 2, -1, 0, 1, 2, 1, 2, -1, 0, 1, 1, 1, 5, 3, 0, 5, 0, 3]","[1, 0, 0, 1, 0, 0, 1, 0, 0, 1, 2, 1, 1, 2, 0, 2, -1, 1, 5, 3, 0, 5, 0, 3]",NONE,1,6,-1,1,0,False
RZJK-UCNY(2)[M]-NXOP-RZJK(1)[M](1)[M],3,3,2,True,True,"[1, 0, 0, 2, -1, 1, 1, 1, 1, 1, 2, 0, 1, 2, 0, 2, -1, 1, 5, 3, 0, 5, 0, 3]","[{'INP': 32}, {'CONV': [32, 3]}, {'POOLMAX': [-1, 3]}, {'CONV': [64, 5]}, {'CONV': [128, 3]}, {'CONV': [128, 3]}, {'POOLMAX': [-1, 3]}, {'FLATTEN': None}, {'DENSE': [512, 'relu']}, {'DENSE': [10, 'softmax']}]",SPC,L_CHANGE_TYPE,GA,5,0.72420001,0.799436212,28770334,16.93313551,869066,NONE,NONE,NONE,NONE,"[1, 0, 0, 2, -1, 1, 1, 1, 1, 1, 2, 0, 1, 2, 0, 2, -1, 1, 5, 3, 0, 5, 0, 3]",-1,-1,0,2,0,False
RZJK-UCNY(2)[M]-NXOP-RZJK(1)[M](2)[M],3,3,2,True,True,"[1, 3, 0, 1, 0, 0, 1, 0, 0, 1, 2, 1, 1, 2, 0, 2, -1, 1, 5, 3, 0, 5, 0, 3]","[{'INP': 32}, {'CONV': [256, 3]}, {'CONV': [32, 3]}, {'CONV': [32, 3]}, {'CONV': [128, 5]}, {'CONV': [128, 3]}, {'POOLMAX': [-1, 3]}, {'FLATTEN': None}, {'DENSE': [512, 'relu']}, {'DENSE': [10, 'softmax']}]",SPC,L_CHANGE_TYPE,GA,5,0.707599998,1.031154752,354776606,27.4556458,6899530,NONE,NONE,NONE,NONE,"[1, 3, 0, 1, 0, 0, 1, 0, 0, 1, 2, 1, 1, 2, 0, 2, -1, 1, 5, 3, 0, 5, 0, 3]",-1,-1,0,2,0,False
NXOP-RZJK(2)[M]-AEMF-UCNY(1)[M](1)[M],3,3,2,True,True,"[1, 3, 0, 1, 0, 0, 1, 2, 1, 2, -1, 0, 2, -1, 0, 2, -1, 0, 5, 2, 0, 5, 0, 3]","[{'INP': 32}, {'CONV': [256, 3]}, {'CONV': [32, 3]}, {'CONV': [128, 5]}, {'POOLMAX': [-1, 2]}, {'POOLMAX': [-1, 2]}, {'POOLMAX': [-1, 2]}, {'FLATTEN': None}, {'DENSE': [256, 'relu']}, {'DENSE': [10, 'softmax']}]",SPC,L_CHANGE_TYPE,GA,5,0.735700011,0.809756398,188258974,20.7052381,710570,NONE,NONE,NONE,NONE,"[1, 3, 0, 1, 0, 0, 1, 2, 1, 2, -1, 0, 1, 3, 1, 2, -1, 0, 5, 2, 0, 5, 0, 3]",-1,-1,3,2,0,False
NXOP-RZJK(2)[M]-AEMF-UCNY(1)[M](2)[M],3,3,2,True,True,"[1, 3, 0, 2, -1, 1, 2, -1, 0, 1, 2, 1, 2, -1, 0, 1, 1, 1, 5, 3, 0, 5, 0, 3]","[{'INP': 32}, {'CONV': [256, 3]}, {'POOLMAX': [-1, 3]}, {'POOLMAX': [-1, 2]}, {'CONV': [128, 5]}, {'POOLMAX': [-1, 2]}, {'CONV': [64, 5]}, {'FLATTEN': None}, {'DENSE': [512, 'relu']}, {'DENSE': [10, 'softmax']}]",SPC,L_CHANGE_TYPE,GA,5,0.678900003,0.93030858,28775390,16.35060358,1168074,NONE,NONE,NONE,NONE,"[1, 3, 0, 1, 2, 1, 2, -1, 0, 1, 2, 1, 2, -1, 0, 1, 1, 1, 5, 3, 0, 5, 0, 3]",-1,-1,2,2,0,False
NXOP-RZJK(2)[M]-RZJK-UCNY(2)[M](1)[M],3,3,2,True,True,"[1, 3, 0, 1, 0, 0, 2, -1, 0, 2, -1, 0, 2, -1, 0, 2, -1, 1, 5, 3, 0, 5, 0, 3]","[{'INP': 32}, {'CONV': [256, 3]}, {'CONV': [32, 3]}, {'POOLMAX': [-1, 2]}, {'POOLMAX': [-1, 2]}, {'POOLMAX': [-1, 2]}, {'POOLMAX': [-1, 3]}, {'FLATTEN': None}, {'DENSE': [512, 'relu']}, {'DENSE': [10, 'softmax']}]",SPC,L_CHANGE_TYPE,GA,5,0.486999989,1.430548191,82766254,16.82689667,102954,NONE,NONE,NONE,NONE,"[1, 3, 0, 1, 0, 0, 1, 0, 0, 1, 2, 1, 1, 2, 0, 2, -1, 1, 5, 3, 0, 5, 0, 3]",-1,-1,7,2,0,False
NXOP-RZJK(2)[M]-RZJK-UCNY(2)[M](2)[M],3,3,2,True,True,"[1, 0, 0, 2, -1, 1, 1, 1, 1, 1, 2, 1, 2, -1, 0, 1, 1, 1, 5, 3, 0, 5, 0, 3]","[{'INP': 32}, {'CONV': [32, 3]}, {'POOLMAX': [-1, 3]}, {'CONV': [64, 5]}, {'CONV': [128, 5]}, {'POOLMAX': [-1, 2]}, {'CONV': [64, 5]}, {'FLATTEN': None}, {'DENSE': [512, 'relu']}, {'DENSE': [10, 'softmax']}]",SPC,L_CHANGE_TYPE,GA,5,0.726499975,0.817548931,32476926,16.87578201,1286794,NONE,NONE,NONE,NONE,"[1, 0, 0, 1, 0, 0, 2, -1, 0, 1, 2, 1, 2, -1, 0, 1, 1, 1, 5, 3, 0, 5, 0, 3]",-1,-1,6,2,0,False
NXOP-RZJK(2)[M]-AEMF-UCNY(1)[M](2)[M],3,3,3,False,False,"[1, 3, 0, 2, -1, 1, 2, -1, 0, 1, 2, 1, 2, -1, 0, 1, 1, 1, 5, 3, 0, 5, 0, 3]","[{'INP': 32}, {'CONV': [256, 3]}, {'POOLMAX': [-1, 3]}, {'POOLMAX': [-1, 2]}, {'CONV': [128, 5]}, {'POOLMAX': [-1, 2]}, {'CONV': [64, 5]}, {'FLATTEN': None}, {'DENSE': [512, 'relu']}, {'DENSE': [10, 'softmax']}]",SPC,L_CHANGE_TYPE,GA,5,0.678900003,0.93030858,28775390,16.35060358,1168074,NONE,NONE,NONE,NONE,NONE,-1,-1,-1,0,0,False
RZJK-UCNY(2)[M]-NXOP-RZJK(1)[M](1)[M],3,3,3,False,False,"[1, 0, 0, 2, -1, 1, 1, 1, 1, 1, 2, 0, 1, 2, 0, 2, -1, 1, 5, 3, 0, 5, 0, 3]","[{'INP': 32}, {'CONV': [32, 3]}, {'POOLMAX': [-1, 3]}, {'CONV': [64, 5]}, {'CONV': [128, 3]}, {'CONV': [128, 3]}, {'POOLMAX': [-1, 3]}, {'FLATTEN': None}, {'DENSE': [512, 'relu']}, {'DENSE': [10, 'softmax']}]",SPC,L_CHANGE_TYPE,GA,5,0.72420001,0.799436212,28770334,16.93313551,869066,NONE,NONE,NONE,NONE,NONE,-1,-1,-1,0,0,False
NXOP-RZJK(2)[M]-AEMF-UCNY(1)[M](2)[M]-RZJK-UCNY(2)[M]-NXOP-RZJK(1)[M](1)[M](1),3,3,3,True,False,"[1, 3, 0, 1, 1, 1, 2, -1, 0, 1, 2, 1, 1, 0, 0, 2, -1, 1, 5, 3, 0, 5, 0, 3]","[{'INP': 32}, {'CONV': [256, 3]}, {'CONV': [64, 5]}, {'POOLMAX': [-1, 2]}, {'CONV': [128, 5]}, {'CONV': [32, 3]}, {'POOLMAX': [-1, 3]}, {'FLATTEN': None}, {'DENSE': [512, 'relu']}, {'DENSE': [10, 'softmax']}]",SPC,L_CHANGE_TYPE,GA,5,0.733799994,0.795957446,489009966,25.72894764,1073898,NXOP-RZJK(2)[M]-AEMF-UCNY(1)[M](2)[M],RZJK-UCNY(2)[M]-NXOP-RZJK(1)[M](1)[M],"[1, 3, 0, 2, -1, 1, 2, -1, 0, 1, 2, 1, 2, -1, 0, 1, 1, 1, 5, 3, 0, 5, 0, 3]","[1, 0, 0, 2, -1, 1, 1, 1, 1, 1, 2, 0, 1, 2, 0, 2, -1, 1, 5, 3, 0, 5, 0, 3]",NONE,6,8,-1,0,0,False
NXOP-RZJK(2)[M]-AEMF-UCNY(1)[M](2)[M]-RZJK-UCNY(2)[M]-NXOP-RZJK(1)[M](1)[M](2),3,3,3,True,False,"[1, 0, 0, 2, -1, 1, 1, 1, 1, 1, 2, 0, 1, 2, 0, 1, 1, 1, 5, 3, 0, 5, 0, 3]","[{'INP': 32}, {'CONV': [32, 3]}, {'POOLMAX': [-1, 3]}, {'CONV': [64, 5]}, {'CONV': [128, 3]}, {'CONV': [128, 3]}, {'CONV': [64, 5]}, {'FLATTEN': None}, {'DENSE': [512, 'relu']}, {'DENSE': [10, 'softmax']}]",SPC,L_CHANGE_TYPE,GA,5,0.679799974,0.938265264,51935326,20.22914767,3760906,NXOP-RZJK(2)[M]-AEMF-UCNY(1)[M](2)[M],RZJK-UCNY(2)[M]-NXOP-RZJK(1)[M](1)[M],"[1, 3, 0, 2, -1, 1, 2, -1, 0, 1, 2, 1, 2, -1, 0, 1, 1, 1, 5, 3, 0, 5, 0, 3]","[1, 0, 0, 2, -1, 1, 1, 1, 1, 1, 2, 0, 1, 2, 0, 2, -1, 1, 5, 3, 0, 5, 0, 3]",NONE,7,2,-1,0,0,False
NXOP-RZJK(2)[M]-AEMF-UCNY(1)[M](1)[M],3,3,3,False,False,"[1, 3, 0, 1, 0, 0, 1, 2, 1, 2, -1, 0, 2, -1, 0, 2, -1, 0, 5, 2, 0, 5, 0, 3]","[{'INP': 32}, {'CONV': [256, 3]}, {'CONV': [32, 3]}, {'CONV': [128, 5]}, {'POOLMAX': [-1, 2]}, {'POOLMAX': [-1, 2]}, {'POOLMAX': [-1, 2]}, {'FLATTEN': None}, {'DENSE': [256, 'relu']}, {'DENSE': [10, 'softmax']}]",SPC,L_CHANGE_TYPE,GA,5,0.735700011,0.809756398,188258974,20.7052381,710570,NONE,NONE,NONE,NONE,NONE,-1,-1,-1,1,0,False
NXOP-RZJK(2)[M]-RZJK-UCNY(2)[M](1)[M],3,3,3,False,False,"[1, 3, 0, 1, 0, 0, 2, -1, 0, 2, -1, 0, 2, -1, 0, 2, -1, 1, 5, 3, 0, 5, 0, 3]","[{'INP': 32}, {'CONV': [256, 3]}, {'CONV': [32, 3]}, {'POOLMAX': [-1, 2]}, {'POOLMAX': [-1, 2]}, {'POOLMAX': [-1, 2]}, {'POOLMAX': [-1, 3]}, {'FLATTEN': None}, {'DENSE': [512, 'relu']}, {'DENSE': [10, 'softmax']}]",SPC,L_CHANGE_TYPE,GA,5,0.486999989,1.430548191,82766254,16.82689667,102954,NONE,NONE,NONE,NONE,NONE,-1,-1,-1,1,0,False
NXOP-RZJK(2)[M]-AEMF-UCNY(1)[M](1)[M]-NXOP-RZJK(2)[M]-RZJK-UCNY(2)[M](1)[M](1),3,3,3,True,False,"[1, 3, 0, 1, 0, 0, 1, 2, 1, 1, 3, 1, 1, 0, 1, 2, -1, 1, 5, 3, 0, 5, 0, 3]","[{'INP': 32}, {'CONV': [256, 3]}, {'CONV': [32, 3]}, {'CONV': [128, 5]}, {'CONV': [256, 5]}, {'CONV': [32, 5]}, {'POOLMAX': [-1, 3]}, {'FLATTEN': None}, {'DENSE': [512, 'relu']}, {'DENSE': [10, 'softmax']}]",SPC,L_CHANGE_TYPE,GA,5,0.610099971,1.101045728,1238027614,42.66301703,2851786,NXOP-RZJK(2)[M]-AEMF-UCNY(1)[M](1)[M],NXOP-RZJK(2)[M]-RZJK-UCNY(2)[M](1)[M],"[1, 3, 0, 1, 0, 0, 1, 2, 1, 2, -1, 0, 2, -1, 0, 2, -1, 0, 5, 2, 0, 5, 0, 3]","[1, 3, 0, 1, 0, 0, 2, -1, 0, 2, -1, 0, 2, -1, 0, 2, -1, 1, 5, 3, 0, 5, 0, 3]",NONE,8,9,-1,1,0,False
NXOP-RZJK(2)[M]-AEMF-UCNY(1)[M](1)[M]-NXOP-RZJK(2)[M]-RZJK-UCNY(2)[M](1)[M](2),3,3,3,True,False,"[1, 3, 0, 1, 0, 0, 1, 3, 0, 1, 2, 0, 1, 2, 1, 2, -1, 0, 5, 2, 0, 5, 0, 3]","[{'INP': 32}, {'CONV': [256, 3]}, {'CONV': [32, 3]}, {'CONV': [256, 3]}, {'CONV': [128, 3]}, {'CONV': [128, 5]}, {'POOLMAX': [-1, 2]}, {'FLATTEN': None}, {'DENSE': [256, 'relu']}, {'DENSE': [10, 'softmax']}]",SPC,L_CHANGE_TYPE,GA,5,0.665700018,1.200850964,888359582,37.28615689,9251114,NXOP-RZJK(2)[M]-AEMF-UCNY(1)[M](1)[M],NXOP-RZJK(2)[M]-RZJK-UCNY(2)[M](1)[M],"[1, 3, 0, 1, 0, 0, 1, 2, 1, 2, -1, 0, 2, -1, 0, 2, -1, 0, 5, 2, 0, 5, 0, 3]","[1, 3, 0, 1, 0, 0, 2, -1, 0, 2, -1, 0, 2, -1, 0, 2, -1, 1, 5, 3, 0, 5, 0, 3]",NONE,7,9,-1,1,0,False
RZJK-UCNY(2)[M]-NXOP-RZJK(1)[M](2)[M],3,3,3,False,False,"[1, 3, 0, 1, 0, 0, 1, 0, 0, 1, 2, 1, 1, 2, 0, 2, -1, 1, 5, 3, 0, 5, 0, 3]","[{'INP': 32}, {'CONV': [256, 3]}, {'CONV': [32, 3]}, {'CONV': [32, 3]}, {'CONV': [128, 5]}, {'CONV': [128, 3]}, {'POOLMAX': [-1, 3]}, {'FLATTEN': None}, {'DENSE': [512, 'relu']}, {'DENSE': [10, 'softmax']}]",SPC,L_CHANGE_TYPE,GA,5,0.707599998,1.031154752,354776606,27.4556458,6899530,NONE,NONE,NONE,NONE,NONE,-1,-1,-1,1,0,False
NXOP-RZJK(2)[M]-RZJK-UCNY(2)[M](2)[M],3,3,3,False,False,"[1, 0, 0, 2, -1, 1, 1, 1, 1, 1, 2, 1, 2, -1, 0, 1, 1, 1, 5, 3, 0, 5, 0, 3]","[{'INP': 32}, {'CONV': [32, 3]}, {'POOLMAX': [-1, 3]}, {'CONV': [64, 5]}, {'CONV': [128, 5]}, {'POOLMAX': [-1, 2]}, {'CONV': [64, 5]}, {'FLATTEN': None}, {'DENSE': [512, 'relu']}, {'DENSE': [10, 'softmax']}]",SPC,L_CHANGE_TYPE,GA,5,0.726499975,0.817548931,32476926,16.87578201,1286794,NONE,NONE,NONE,NONE,NONE,-1,-1,-1,1,0,False
RZJK-UCNY(2)[M]-NXOP-RZJK(1)[M](2)[M]-NXOP-RZJK(2)[M]-RZJK-UCNY(2)[M](2)[M](1),3,3,3,True,False,"[1, 3, 0, 1, 0, 0, 1, 0, 0, 1, 2, 1, 2, -1, 0, 1, 1, 1, 5, 3, 0, 5, 0, 3]","[{'INP': 32}, {'CONV': [256, 3]}, {'CONV': [32, 3]}, {'CONV': [32, 3]}, {'CONV': [128, 5]}, {'POOLMAX': [-1, 2]}, {'CONV': [64, 5]}, {'FLATTEN': None}, {'DENSE': [512, 'relu']}, {'DENSE': [10, 'softmax']}]",SPC,L_CHANGE_TYPE,GA,5,0.718800008,0.965205252,257996062,25.66197062,8791818,RZJK-UCNY(2)[M]-NXOP-RZJK(1)[M](2)[M],NXOP-RZJK(2)[M]-RZJK-UCNY(2)[M](2)[M],"[1, 3, 0, 1, 0, 0, 1, 0, 0, 1, 2, 1, 1, 2, 0, 2, -1, 1, 5, 3, 0, 5, 0, 3]","[1, 0, 0, 2, -1, 1, 1, 1, 1, 1, 2, 1, 2, -1, 0, 1, 1, 1, 5, 3, 0, 5, 0, 3]",NONE,4,6,-1,1,0,False
RZJK-UCNY(2)[M]-NXOP-RZJK(1)[M](2)[M]-NXOP-RZJK(2)[M]-RZJK-UCNY(2)[M](2)[M](2),3,3,3,True,False,"[1, 0, 0, 2, -1, 1, 1, 1, 1, 1, 2, 1, 1, 2, 0, 2, -1, 1, 5, 3, 0, 5, 0, 3]","[{'INP': 32}, {'CONV': [32, 3]}, {'POOLMAX': [-1, 3]}, {'CONV': [64, 5]}, {'CONV': [128, 5]}, {'CONV': [128, 3]}, {'POOLMAX': [-1, 3]}, {'FLATTEN': None}, {'DENSE': [512, 'relu']}, {'DENSE': [10, 'softmax']}]",SPC,L_CHANGE_TYPE,GA,5,0.715600014,0.816449583,41877534,17.43192697,1000138,RZJK-UCNY(2)[M]-NXOP-RZJK(1)[M](2)[M],NXOP-RZJK(2)[M]-RZJK-UCNY(2)[M](2)[M],"[1, 3, 0, 1, 0, 0, 1, 0, 0, 1, 2, 1, 1, 2, 0, 2, -1, 1, 5, 3, 0, 5, 0, 3]","[1, 0, 0, 2, -1, 1, 1, 1, 1, 1, 2, 1, 2, -1, 0, 1, 1, 1, 5, 3, 0, 5, 0, 3]",NONE,6,4,-1,1,0,False
NXOP-RZJK(2)[M]-AEMF-UCNY(1)[M](2)[M]-RZJK-UCNY(2)[M]-NXOP-RZJK(1)[M](1)[M](1)[M],3,3,3,True,True,"[1, 3, 0, 1, 1, 1, 2, -1, 0, 1, 2, 1, 1, 0, 0, 2, -1, 1, 5, 3, 0, 5, 0, 3]","[{'INP': 32}, {'CONV': [256, 3]}, {'CONV': [64, 5]}, {'POOLMAX': [-1, 2]}, {'CONV': [128, 5]}, {'CONV': [32, 3]}, {'POOLMAX': [-1, 3]}, {'FLATTEN': None}, {'DENSE': [512, 'relu']}, {'DENSE': [10, 'softmax']}]",SPC,L_CHANGE_TYPE,GA,5,0.718500018,0.83250761,489009966,26.02949476,1073898,NONE,NONE,NONE,NONE,"[1, 3, 0, 1, 1, 1, 2, -1, 0, 1, 2, 1, 1, 0, 0, 2, -1, 1, 5, 3, 0, 5, 0, 3]",-1,-1,0,1,0,False
NXOP-RZJK(2)[M]-AEMF-UCNY(1)[M](2)[M]-RZJK-UCNY(2)[M]-NXOP-RZJK(1)[M](1)[M](2)[M],3,3,3,True,True,"[1, 0, 0, 2, -1, 1, 1, 1, 1, 1, 2, 0, 1, 2, 0, 1, 1, 1, 5, 3, 0, 5, 0, 3]","[{'INP': 32}, {'CONV': [32, 3]}, {'POOLMAX': [-1, 3]}, {'CONV': [64, 5]}, {'CONV': [128, 3]}, {'CONV': [128, 3]}, {'CONV': [64, 5]}, {'FLATTEN': None}, {'DENSE': [512, 'relu']}, {'DENSE': [10, 'softmax']}]",SPC,L_CHANGE_TYPE,GA,5,0.696200013,0.867341816,51935326,18.82694697,3760906,NONE,NONE,NONE,NONE,"[1, 0, 0, 2, -1, 1, 1, 1, 1, 1, 2, 0, 1, 2, 0, 1, 1, 1, 5, 3, 0, 5, 0, 3]",-1,-1,0,1,0,False
NXOP-RZJK(2)[M]-AEMF-UCNY(1)[M](1)[M]-NXOP-RZJK(2)[M]-RZJK-UCNY(2)[M](1)[M](1)[M],3,3,3,True,True,"[1, 3, 0, 2, -1, 0, 1, 2, 1, 2, -1, 0, 1, 0, 1, 2, -1, 1, 5, 3, 0, 5, 0, 3]","[{'INP': 32}, {'CONV': [256, 3]}, {'POOLMAX': [-1, 2]}, {'CONV': [128, 5]}, {'POOLMAX': [-1, 2]}, {'CONV': [32, 5]}, {'POOLMAX': [-1, 3]}, {'FLATTEN': None}, {'DENSE': [512, 'relu']}, {'DENSE': [10, 'softmax']}]",SPC,L_CHANGE_TYPE,GA,5,0.680000007,0.930076778,223714142,19.30882597,1000106,NONE,NONE,NONE,NONE,"[1, 3, 0, 1, 0, 0, 1, 2, 1, 1, 3, 1, 1, 0, 1, 2, -1, 1, 5, 3, 0, 5, 0, 3]",-1,-1,5,1,1,False
NXOP-RZJK(2)[M]-AEMF-UCNY(1)[M](1)[M]-NXOP-RZJK(2)[M]-RZJK-UCNY(2)[M](1)[M](2)[M],3,3,3,True,True,"[1, 3, 0, 1, 0, 0, 1, 3, 0, 1, 2, 0, 1, 2, 1, 1, 1, 0, 5, 2, 0, 5, 0, 3]","[{'INP': 32}, {'CONV': [256, 3]}, {'CONV': [32, 3]}, {'CONV': [256, 3]}, {'CONV': [128, 3]}, {'CONV': [128, 5]}, {'CONV': [64, 3]}, {'FLATTEN': None}, {'DENSE': [256, 'relu']}, {'DENSE': [10, 'softmax']}]",SPC,L_CHANGE_TYPE,GA,4,0.100000001,2.302611113,972212894,33.28826284,17713514,NONE,NONE,NONE,NONE,"[1, 3, 0, 1, 0, 0, 1, 3, 0, 1, 2, 0, 1, 2, 1, 2, -1, 0, 5, 2, 0, 5, 0, 3]",-1,-1,2,1,2,False
RZJK-UCNY(2)[M]-NXOP-RZJK(1)[M](2)[M]-NXOP-RZJK(2)[M]-RZJK-UCNY(2)[M](2)[M](1)[M],3,3,3,True,True,"[1, 3, 0, 1, 0, 0, 1, 0, 0, 1, 2, 1, 2, -1, 0, 1, 1, 1, 5, 3, 0, 5, 0, 3]","[{'INP': 32}, {'CONV': [256, 3]}, {'CONV': [32, 3]}, {'CONV': [32, 3]}, {'CONV': [128, 5]}, {'POOLMAX': [-1, 2]}, {'CONV': [64, 5]}, {'FLATTEN': None}, {'DENSE': [512, 'relu']}, {'DENSE': [10, 'softmax']}]",SPC,L_CHANGE_TYPE,GA,5,0.711199999,0.951002061,257996062,25.50673699,8791818,NONE,NONE,NONE,NONE,"[1, 3, 0, 1, 0, 0, 1, 0, 0, 1, 2, 1, 2, -1, 0, 1, 1, 1, 5, 3, 0, 5, 0, 3]",-1,-1,0,1,2,False
RZJK-UCNY(2)[M]-NXOP-RZJK(1)[M](2)[M]-NXOP-RZJK(2)[M]-RZJK-UCNY(2)[M](2)[M](2)[M],3,3,3,True,True,"[1, 0, 0, 2, -1, 1, 2, -1, 1, 1, 2, 1, 1, 2, 0, 2, -1, 1, 5, 3, 0, 5, 0, 3]","[{'INP': 32}, {'CONV': [32, 3]}, {'POOLMAX': [-1, 3]}, {'POOLMAX': [-1, 3]}, {'CONV': [128, 5]}, {'CONV': [128, 3]}, {'POOLMAX': [-1, 3]}, {'FLATTEN': None}, {'DENSE': [512, 'relu']}, {'DENSE': [10, 'softmax']}]",SPC,L_CHANGE_TYPE,GA,5,0.631699979,1.051077604,3238190,15.34590197,322186,NONE,NONE,NONE,NONE,"[1, 0, 0, 2, -1, 1, 1, 1, 1, 1, 2, 1, 1, 2, 0, 2, -1, 1, 5, 3, 0, 5, 0, 3]",-1,-1,2,1,2,False
